run_index,architecture,load_multiplier,simulation_duration_seconds,real_duration_seconds,time_scale,spawned,critical_spawned,normal_spawned,waiting_entered,wing_entered,treated,wing_exited,completed_home,critical_completed_home,normal_completed_home,queue_count,critical_queue_count,inside_wing,free_cubicle,free_cubicle_left,world_counter,reason,u
0,FsmReactiveController,5.0,6237.784,95.937,1.0,300,56,244,300,300,300,300,300,56,244,0,0,0,15,15,2358,all scheduled patients served,0.5
1,PriorityQueueDispatcher,5.0,6221.733,110.237,1.0,300,56,244,300,300,300,300,300,56,244,0,0,0,15,15,2344,all scheduled patients served,0.5
2,DecisionTableController,5.0,6236.534,108.568,1.0,300,56,244,300,300,300,300,300,56,244,0,0,0,15,15,2324,all scheduled patients served,0.5
3,ProposedEnvironmentMediatedReplanner,5.0,6232.117,250.595,1.0,300,56,244,300,300,300,300,300,56,244,0,0,0,15,15,3054,all scheduled patients served,0.5
4,FsmReactiveController,3.3333,4253.666,84.806,1.0,300,56,244,300,300,300,300,300,56,244,0,0,0,15,15,2304,all scheduled patients served,0.75
5,PriorityQueueDispatcher,3.3333,4278.068,87.012,1.0,300,56,244,300,300,300,300,300,56,244,0,0,0,15,15,2290,all scheduled patients served,0.75
6,DecisionTableController,3.3333,4288.066,86.484,1.0,300,56,244,300,300,300,300,300,56,244,0,0,0,15,15,2300,all scheduled patients served,0.75
7,ProposedEnvironmentMediatedReplanner,3.3333,4302.5,212.594,1.0,300,56,244,300,300,300,300,300,56,244,0,0,0,15,15,3504,all scheduled patients served,0.75
8,FsmReactiveController,2.5,3577.434,98.591,1.0,300,56,244,300,300,300,300,300,56,244,0,0,0,15,15,2304,all scheduled patients served,1.0
9,PriorityQueueDispatcher,2.5,3609.215,95.229,1.0,300,56,244,300,300,300,300,300,56,244,0,0,0,15,15,2288,all scheduled patients served,1.0
10,DecisionTableController,2.5,3651.215,95.591,1.0,300,56,244,300,300,300,300,300,56,244,0,0,0,15,15,2300,all scheduled patients served,1.0
11,ProposedEnvironmentMediatedReplanner,2.5,3601.25,150.355,1.0,300,56,244,300,300,300,300,300,56,244,0,0,0,15,15,3098,all scheduled patients served,1.0
12,FsmReactiveController,2.0,3349.785,122.298,1.0,300,56,244,300,300,300,300,300,56,244,0,0,0,15,15,2308,all scheduled patients served,1.25
13,PriorityQueueDispatcher,2.0,3413.184,128.955,1.0,300,56,244,300,300,300,300,300,56,244,0,0,0,15,15,2310,all scheduled patients served,1.25
14,DecisionTableController,2.0,3318.465,124.407,1.0,300,56,244,300,300,300,300,300,56,244,0,0,0,15,15,2292,all scheduled patients served,1.25
15,ProposedEnvironmentMediatedReplanner,2.0,3349.102,133.568,1.0,300,56,244,300,300,300,300,300,56,244,0,0,0,15,15,3370,all scheduled patients served,1.25
16,FsmReactiveController,1.6667,3221.391,137.035,1.0,300,56,244,300,300,300,300,300,56,244,0,0,0,15,15,2310,all scheduled patients served,1.5
17,PriorityQueueDispatcher,1.6667,3245.328,134.123,1.0,300,56,244,300,300,300,300,300,56,244,0,0,0,15,15,2324,all scheduled patients served,1.5
18,DecisionTableController,1.6667,3222.18,133.391,1.0,300,56,244,300,300,300,300,300,56,244,0,0,0,15,15,2302,all scheduled patients served,1.5
19,ProposedEnvironmentMediatedReplanner,1.6667,3165.852,134.842,1.0,300,56,244,300,300,300,300,300,56,244,0,0,0,15,15,3246,all scheduled patients served,1.5
20,FsmReactiveController,1.25,3088.781,150.074,1.0,300,56,244,300,300,300,300,300,56,244,0,0,0,15,15,2292,all scheduled patients served,2.0
21,PriorityQueueDispatcher,1.25,3044.266,156.023,1.0,300,56,244,300,300,300,300,300,56,244,0,0,0,15,15,2286,all scheduled patients served,2.0
22,DecisionTableController,1.25,3054.234,155.837,1.0,300,56,244,300,300,300,300,300,56,244,0,0,0,15,15,2282,all scheduled patients served,2.0
23,ProposedEnvironmentMediatedReplanner,1.25,3056.695,169.199,1.0,300,56,244,300,300,300,300,300,56,244,0,0,0,15,15,3628,all scheduled patients served,2.0
24,FsmReactiveController,1.0,2907.922,165.08,1.0,300,56,244,300,300,300,300,300,56,244,0,0,0,15,15,2252,all scheduled patients served,2.5
25,PriorityQueueDispatcher,1.0,2943.047,166.024,1.0,300,56,244,300,300,300,300,300,56,244,0,0,0,15,15,2274,all scheduled patients served,2.5
26,DecisionTableController,1.0,2981.234,172.213,1.0,300,56,244,300,300,300,300,300,56,244,0,0,0,15,15,2292,all scheduled patients served,2.5
27,ProposedEnvironmentMediatedReplanner,1.0,2915.734,135.001,1.0,300,56,244,300,300,300,300,300,56,244,0,0,0,15,15,3150,all scheduled patients served,2.5
28,FsmReactiveController,5.0,6256.7,95.626,1.0,300,46,254,300,300,300,300,300,46,254,0,0,0,15,15,2358,all scheduled patients served,0.5
29,PriorityQueueDispatcher,5.0,6265.3,110.833,1.0,300,46,254,300,300,300,300,300,46,254,0,0,0,15,15,2342,all scheduled patients served,0.5
30,DecisionTableController,5.0,6232.9,106.344,1.0,300,46,254,300,300,300,300,300,46,254,0,0,0,15,15,2348,all scheduled patients served,0.5
31,ProposedEnvironmentMediatedReplanner,5.0,6245.85,232.964,1.0,300,46,254,300,300,300,300,300,46,254,0,0,0,15,15,3176,all scheduled patients served,0.5
32,FsmReactiveController,3.3333,4293.316,85.239,1.0,300,46,254,300,300,300,300,300,46,254,0,0,0,15,15,2286,all scheduled patients served,0.75
33,PriorityQueueDispatcher,3.3333,4318.666,87.273,1.0,300,46,254,300,300,300,300,300,46,254,0,0,0,15,15,2312,all scheduled patients served,0.75
34,DecisionTableController,3.3333,4278.203,86.763,1.0,300,46,254,300,300,300,300,300,46,254,0,0,0,15,15,2306,all scheduled patients served,0.75
35,ProposedEnvironmentMediatedReplanner,3.3333,4311.352,193.435,1.0,300,46,254,300,300,300,300,300,46,254,0,0,0,15,15,3340,all scheduled patients served,0.75
36,FsmReactiveController,2.5,3625.566,96.248,1.0,300,46,254,300,300,300,300,300,46,254,0,0,0,15,15,2282,all scheduled patients served,1.0
37,PriorityQueueDispatcher,2.5,3559.699,91.587,1.0,300,46,254,300,300,300,300,300,46,254,0,0,0,15,15,2276,all scheduled patients served,1.0
38,DecisionTableController,2.5,3512.098,89.367,1.0,300,46,254,300,300,300,300,300,46,254,0,0,0,15,15,2272,all scheduled patients served,1.0
39,ProposedEnvironmentMediatedReplanner,2.5,3612.617,167.132,1.0,300,46,254,300,300,300,300,300,46,254,0,0,0,15,15,3512,all scheduled patients served,1.0
40,FsmReactiveController,2.0,3306.418,115.162,1.0,300,46,254,300,300,300,300,300,46,254,0,0,0,15,15,2264,all scheduled patients served,1.25
41,PriorityQueueDispatcher,2.0,3303.918,120.425,1.0,300,46,254,300,300,300,300,300,46,254,0,0,0,15,15,2290,all scheduled patients served,1.25
42,DecisionTableController,2.0,3252.68,120.268,1.0,300,46,254,300,300,300,300,300,46,254,0,0,0,15,15,2266,all scheduled patients served,1.25
43,ProposedEnvironmentMediatedReplanner,2.0,3263.461,129.744,1.0,300,46,254,300,300,300,300,300,46,254,0,0,0,15,15,2944,all scheduled patients served,1.25
44,FsmReactiveController,1.6667,3164.844,135.109,1.0,300,46,254,300,300,300,300,300,46,254,0,0,0,15,15,2274,all scheduled patients served,1.5
45,PriorityQueueDispatcher,1.6667,3125.727,125.422,1.0,300,46,254,300,300,300,300,300,46,254,0,0,0,15,15,2260,all scheduled patients served,1.5
46,DecisionTableController,1.6667,3176.602,130.098,1.0,300,46,254,300,300,300,300,300,46,254,0,0,0,15,15,2268,all scheduled patients served,1.5
47,ProposedEnvironmentMediatedReplanner,1.6667,3213.883,148.627,1.0,300,46,254,300,300,300,300,300,46,254,0,0,0,15,15,3440,all scheduled patients served,1.5
48,FsmReactiveController,1.25,3056.688,147.352,1.0,300,46,254,300,300,300,300,300,46,254,0,0,0,15,15,2284,all scheduled patients served,2.0
49,PriorityQueueDispatcher,1.25,2980.297,145.974,1.0,300,46,254,300,300,300,300,300,46,254,0,0,0,15,15,2280,all scheduled patients served,2.0
50,DecisionTableController,1.25,2993.383,151.057,1.0,300,46,254,300,300,300,300,300,46,254,0,0,0,15,15,2270,all scheduled patients served,2.0
51,ProposedEnvironmentMediatedReplanner,1.25,3027.164,143.315,1.0,300,46,254,300,300,300,300,300,46,254,0,0,0,15,15,3218,all scheduled patients served,2.0
52,FsmReactiveController,1.0,2831.641,157.296,1.0,300,46,254,300,300,300,300,300,46,254,0,0,0,15,15,2256,all scheduled patients served,2.5
53,PriorityQueueDispatcher,1.0,2923.352,166.17,1.0,300,46,254,300,300,300,300,300,46,254,0,0,0,15,15,2282,all scheduled patients served,2.5
54,DecisionTableController,1.0,2967.695,168.447,1.0,300,46,254,300,300,300,300,300,46,254,0,0,0,15,15,2276,all scheduled patients served,2.5
55,ProposedEnvironmentMediatedReplanner,1.0,2903.883,149.601,1.0,300,46,254,300,300,300,300,300,46,254,0,0,0,15,15,3344,all scheduled patients served,2.5
56,FsmReactiveController,5.0,6240.067,95.6,1.0,300,43,257,300,300,300,300,300,43,257,0,0,0,15,15,2362,all scheduled patients served,0.5
57,PriorityQueueDispatcher,5.0,6260.4,108.731,1.0,300,43,257,300,300,300,300,300,43,257,0,0,0,15,15,2360,all scheduled patients served,0.5
58,DecisionTableController,5.0,6251.283,106.272,1.0,300,43,257,300,300,300,300,300,43,257,0,0,0,15,15,2358,all scheduled patients served,0.5
59,ProposedEnvironmentMediatedReplanner,5.0,6257.65,237.384,1.0,300,43,257,300,300,300,300,300,43,257,0,0,0,15,15,3240,all scheduled patients served,0.5
60,FsmReactiveController,3.3333,4319.283,88.312,1.0,300,43,257,300,300,300,300,300,43,257,0,0,0,15,15,2320,all scheduled patients served,0.75
61,PriorityQueueDispatcher,3.3333,4313.117,90.687,1.0,300,43,257,300,300,300,300,300,43,257,0,0,0,15,15,2302,all scheduled patients served,0.75
62,DecisionTableController,3.3333,4301.73,87.905,1.0,300,43,257,300,300,300,300,300,43,257,0,0,0,15,15,2302,all scheduled patients served,0.75
63,ProposedEnvironmentMediatedReplanner,3.3333,4275.598,170.796,1.0,300,43,257,300,300,300,300,300,43,257,0,0,0,15,15,3240,all scheduled patients served,0.75
64,FsmReactiveController,2.5,3701.418,118.557,1.0,300,43,257,300,300,300,300,300,43,257,0,0,0,15,15,2286,all scheduled patients served,1.0
65,PriorityQueueDispatcher,2.5,3708.102,118.118,1.0,300,43,257,300,300,300,300,300,43,257,0,0,0,15,15,2292,all scheduled patients served,1.0
66,DecisionTableController,2.5,3715.051,116.605,1.0,300,43,257,300,300,300,300,300,43,257,0,0,0,15,15,2300,all scheduled patients served,1.0
67,ProposedEnvironmentMediatedReplanner,2.5,3687.348,150.42,1.0,300,43,257,300,300,300,300,300,43,257,0,0,0,15,15,3310,all scheduled patients served,1.0
68,FsmReactiveController,2.0,3504.633,138.802,1.0,300,43,257,300,300,300,300,300,43,257,0,0,0,15,15,2288,all scheduled patients served,1.25
69,PriorityQueueDispatcher,2.0,3436.902,140.867,1.0,300,43,257,300,300,300,300,300,43,257,0,0,0,15,15,2286,all scheduled patients served,1.25
70,DecisionTableController,2.0,3442.121,142.957,1.0,300,43,257,300,300,300,300,300,43,257,0,0,0,15,15,2278,all scheduled patients served,1.25
71,ProposedEnvironmentMediatedReplanner,2.0,3530.719,168.736,1.0,300,43,257,300,300,300,300,300,43,257,0,0,0,15,15,3384,all scheduled patients served,1.25
72,FsmReactiveController,1.6667,3387.234,148.023,1.0,300,43,257,300,300,300,300,300,43,257,0,0,0,15,15,2304,all scheduled patients served,1.5
73,PriorityQueueDispatcher,1.6667,3363.719,146.388,1.0,300,43,257,300,300,300,300,300,43,257,0,0,0,15,15,2286,all scheduled patients served,1.5
74,DecisionTableController,1.6667,3295.75,143.891,1.0,300,43,257,300,300,300,300,300,43,257,0,0,0,15,15,2288,all scheduled patients served,1.5
75,ProposedEnvironmentMediatedReplanner,1.6667,3279.305,154.166,1.0,300,43,257,300,300,300,300,300,43,257,0,0,0,15,15,3386,all scheduled patients served,1.5
76,FsmReactiveController,1.25,3067.102,161.426,1.0,300,43,257,300,300,300,300,300,43,257,0,0,0,15,15,2278,all scheduled patients served,2.0
77,PriorityQueueDispatcher,1.25,3134.984,160.714,1.0,300,43,257,300,300,300,300,300,43,257,0,0,0,15,15,2284,all scheduled patients served,2.0
78,DecisionTableController,1.25,3171.852,166.21,1.0,300,43,257,300,300,300,300,300,43,257,0,0,0,15,15,2294,all scheduled patients served,2.0
79,ProposedEnvironmentMediatedReplanner,1.25,3180.805,165.975,1.0,300,43,257,300,300,300,300,300,43,257,0,0,0,15,15,3642,all scheduled patients served,2.0
80,FsmReactiveController,1.0,3010.797,172.956,1.0,300,43,257,300,300,300,300,300,43,257,0,0,0,15,15,2262,all scheduled patients served,2.5
81,PriorityQueueDispatcher,1.0,2968.461,174.022,1.0,300,43,257,300,300,300,300,300,43,257,0,0,0,15,15,2268,all scheduled patients served,2.5
82,DecisionTableController,1.0,3072.898,166.272,1.0,300,43,257,300,300,300,300,300,43,257,0,0,0,15,15,2292,all scheduled patients served,2.5
83,ProposedEnvironmentMediatedReplanner,1.0,3027.633,85.375,1.0,300,43,257,300,300,300,300,300,43,257,0,0,0,15,15,3140,all scheduled patients served,2.5
84,FsmReactiveController,5.0,6156.75,97.387,1.0,300,40,260,300,300,300,300,300,40,260,0,0,0,15,15,2358,all scheduled patients served,0.5
85,PriorityQueueDispatcher,5.0,6153.417,109.641,1.0,300,40,260,300,300,300,300,300,40,260,0,0,0,15,15,2356,all scheduled patients served,0.5
86,DecisionTableController,5.0,6158.167,107.411,1.0,300,40,260,300,300,300,300,300,40,260,0,0,0,15,15,2378,all scheduled patients served,0.5
87,ProposedEnvironmentMediatedReplanner,5.0,6161.916,203.396,1.0,300,40,260,300,300,300,300,300,40,260,0,0,0,15,15,3286,all scheduled patients served,0.5
88,FsmReactiveController,3.3333,4215.168,86.957,1.0,300,40,260,300,300,300,300,300,40,260,0,0,0,15,15,2302,all scheduled patients served,0.75
89,PriorityQueueDispatcher,3.3333,4221.516,87.161,1.0,300,40,260,300,300,300,300,300,40,260,0,0,0,15,15,2296,all scheduled patients served,0.75
90,DecisionTableController,3.3333,4218.117,87.499,1.0,300,40,260,300,300,300,300,300,40,260,0,0,0,15,15,2292,all scheduled patients served,0.75
91,ProposedEnvironmentMediatedReplanner,3.3333,4225.984,178.632,1.0,300,40,260,300,300,300,300,300,40,260,0,0,0,15,15,3216,all scheduled patients served,0.75
92,FsmReactiveController,2.5,3646.785,114.566,1.0,300,40,260,300,300,300,300,300,40,260,0,0,0,15,15,2280,all scheduled patients served,1.0
93,PriorityQueueDispatcher,2.5,3730.887,122.562,1.0,300,40,260,300,300,300,300,300,40,260,0,0,0,15,15,2286,all scheduled patients served,1.0
94,DecisionTableController,2.5,3589.016,108.742,1.0,300,40,260,300,300,300,300,300,40,260,0,0,0,15,15,2246,all scheduled patients served,1.0
95,ProposedEnvironmentMediatedReplanner,2.5,3694.066,151.432,1.0,300,40,260,300,300,300,300,300,40,260,0,0,0,15,15,3346,all scheduled patients served,1.0
96,FsmReactiveController,2.0,3447.852,145.149,1.0,300,40,260,300,300,300,300,300,40,260,0,0,0,15,15,2262,all scheduled patients served,1.25
97,PriorityQueueDispatcher,2.0,3458.566,143.854,1.0,300,40,260,300,300,300,300,300,40,260,0,0,0,15,15,2272,all scheduled patients served,1.25
98,DecisionTableController,2.0,3440.121,146.209,1.0,300,40,260,300,300,300,300,300,40,260,0,0,0,15,15,2288,all scheduled patients served,1.25
99,ProposedEnvironmentMediatedReplanner,2.0,3446.266,159.492,1.0,300,40,260,300,300,300,300,300,40,260,0,0,0,15,15,3180,all scheduled patients served,1.25
100,FsmReactiveController,1.6667,3296.5,151.17,1.0,300,40,260,300,300,300,300,300,40,260,0,0,0,15,15,2276,all scheduled patients served,1.5
101,PriorityQueueDispatcher,1.6667,3325.852,152.092,1.0,300,40,260,300,300,300,300,300,40,260,0,0,0,15,15,2274,all scheduled patients served,1.5
102,DecisionTableController,1.6667,3353.648,156.524,1.0,300,40,260,300,300,300,300,300,40,260,0,0,0,15,15,2280,all scheduled patients served,1.5
103,ProposedEnvironmentMediatedReplanner,1.6667,3241.219,140.446,1.0,300,40,260,300,300,300,300,300,40,260,0,0,0,15,15,2984,all scheduled patients served,1.5
104,FsmReactiveController,1.25,3140.383,170.427,1.0,300,40,260,300,300,300,300,300,40,260,0,0,0,15,15,2272,all scheduled patients served,2.0
105,PriorityQueueDispatcher,1.25,3246.055,173.488,1.0,300,40,260,300,300,300,300,300,40,260,0,0,0,15,15,2292,all scheduled patients served,2.0
106,DecisionTableController,1.25,3145.414,175.165,1.0,300,40,260,300,300,300,300,300,40,260,0,0,0,15,15,2284,all scheduled patients served,2.0
107,ProposedEnvironmentMediatedReplanner,1.25,3104.977,155.612,1.0,300,40,260,300,300,300,300,300,40,260,0,0,0,15,15,3032,all scheduled patients served,2.0
108,FsmReactiveController,1.0,3076.102,185.426,1.0,300,40,260,300,300,300,300,300,40,260,0,0,0,15,15,2290,all scheduled patients served,2.5
109,PriorityQueueDispatcher,1.0,3063.195,182.78,1.0,300,40,260,300,300,300,300,300,40,260,0,0,0,15,15,2286,all scheduled patients served,2.5
110,DecisionTableController,1.0,3118.484,169.838,1.0,300,40,260,300,300,300,300,300,40,260,0,0,0,15,15,2294,all scheduled patients served,2.5
111,ProposedEnvironmentMediatedReplanner,1.0,3041.164,77.053,1.0,300,40,260,300,300,300,300,300,40,260,0,0,0,15,15,2948,all scheduled patients served,2.5
112,FsmReactiveController,5.0,6269.833,100.0,1.0,300,36,264,300,300,300,300,300,36,264,0,0,0,15,15,2370,all scheduled patients served,0.5
113,PriorityQueueDispatcher,5.0,6288.683,111.309,1.0,300,36,264,300,300,300,300,300,36,264,0,0,0,15,15,2350,all scheduled patients served,0.5
114,DecisionTableController,5.0,6257.284,109.402,1.0,300,36,264,300,300,300,300,300,36,264,0,0,0,15,15,2356,all scheduled patients served,0.5
115,ProposedEnvironmentMediatedReplanner,5.0,6281.516,245.741,1.0,300,36,264,300,300,300,300,300,36,264,0,0,0,15,15,3164,all scheduled patients served,0.5
116,FsmReactiveController,3.3333,4295.602,86.99,1.0,300,36,264,300,300,300,300,300,36,264,0,0,0,15,15,2334,all scheduled patients served,0.75
117,PriorityQueueDispatcher,3.3333,4306.5,87.148,1.0,300,36,264,300,300,300,300,300,36,264,0,0,0,15,15,2322,all scheduled patients served,0.75
118,DecisionTableController,3.3333,4273.719,87.039,1.0,300,36,264,300,300,300,300,300,36,264,0,0,0,15,15,2314,all scheduled patients served,0.75
119,ProposedEnvironmentMediatedReplanner,3.3333,4296.75,163.036,1.0,300,36,264,300,300,300,300,300,36,264,0,0,0,15,15,3010,all scheduled patients served,0.75
120,FsmReactiveController,2.5,3431.684,96.408,1.0,300,36,264,300,300,300,300,300,36,264,0,0,0,15,15,2296,all scheduled patients served,1.0
121,PriorityQueueDispatcher,2.5,3455.387,95.664,1.0,300,36,264,300,300,300,300,300,36,264,0,0,0,15,15,2302,all scheduled patients served,1.0
122,DecisionTableController,2.5,3473.301,99.924,1.0,300,36,264,300,300,300,300,300,36,264,0,0,0,15,15,2292,all scheduled patients served,1.0
123,ProposedEnvironmentMediatedReplanner,2.5,3498.117,136.169,1.0,300,36,264,300,300,300,300,300,36,264,0,0,0,15,15,3252,all scheduled patients served,1.0
124,FsmReactiveController,2.0,3212.699,124.389,1.0,300,36,264,300,300,300,300,300,36,264,0,0,0,15,15,2290,all scheduled patients served,1.25
125,PriorityQueueDispatcher,2.0,3236.699,126.429,1.0,300,36,264,300,300,300,300,300,36,264,0,0,0,15,15,2288,all scheduled patients served,1.25
126,DecisionTableController,2.0,3202.703,125.878,1.0,300,36,264,300,300,300,300,300,36,264,0,0,0,15,15,2286,all scheduled patients served,1.25
127,ProposedEnvironmentMediatedReplanner,2.0,3275.18,146.236,1.0,300,36,264,300,300,300,300,300,36,264,0,0,0,15,15,3710,all scheduled patients served,1.25
128,FsmReactiveController,1.6667,3068.461,140.775,1.0,300,36,264,300,300,300,300,300,36,264,0,0,0,15,15,2298,all scheduled patients served,1.5
129,PriorityQueueDispatcher,1.6667,3063.484,132.794,1.0,300,36,264,300,300,300,300,300,36,264,0,0,0,15,15,2284,all scheduled patients served,1.5
130,DecisionTableController,1.6667,3169.836,135.167,1.0,300,36,264,300,300,300,300,300,36,264,0,0,0,15,15,2290,all scheduled patients served,1.5
131,ProposedEnvironmentMediatedReplanner,1.6667,3157.719,134.965,1.0,300,36,264,300,300,300,300,300,36,264,0,0,0,15,15,3316,all scheduled patients served,1.5
132,FsmReactiveController,1.25,2988.43,148.612,1.0,300,36,264,300,300,300,300,300,36,264,0,0,0,15,15,2292,all scheduled patients served,2.0
133,PriorityQueueDispatcher,1.25,2945.148,152.936,1.0,300,36,264,300,300,300,300,300,36,264,0,0,0,15,15,2272,all scheduled patients served,2.0
134,DecisionTableController,1.25,2978.836,151.275,1.0,300,36,264,300,300,300,300,300,36,264,0,0,0,15,15,2296,all scheduled patients served,2.0
135,ProposedEnvironmentMediatedReplanner,1.25,2958.797,137.71,1.0,300,36,264,300,300,300,300,300,36,264,0,0,0,15,15,3290,all scheduled patients served,2.0
136,FsmReactiveController,1.0,2947.883,171.903,1.0,300,36,264,300,300,300,300,300,36,264,0,0,0,15,15,2294,all scheduled patients served,2.5
137,PriorityQueueDispatcher,1.0,2912.93,170.364,1.0,300,36,264,300,300,300,300,300,36,264,0,0,0,15,15,2286,all scheduled patients served,2.5
138,DecisionTableController,1.0,2934.984,170.863,1.0,300,36,264,300,300,300,300,300,36,264,0,0,0,15,15,2276,all scheduled patients served,2.5
139,ProposedEnvironmentMediatedReplanner,1.0,2946.766,168.574,1.0,300,36,264,300,300,300,300,300,36,264,0,0,0,15,15,3890,all scheduled patients served,2.5
140,FsmReactiveController,5.0,6291.0,102.944,1.0,300,42,258,300,300,300,300,300,42,258,0,0,0,15,15,2356,all scheduled patients served,0.5
141,PriorityQueueDispatcher,5.0,6300.35,110.837,1.0,300,42,258,300,300,300,300,300,42,258,0,0,0,15,15,2388,all scheduled patients served,0.5
142,DecisionTableController,5.0,6309.149,109.183,1.0,300,42,258,300,300,300,300,300,42,258,0,0,0,15,15,2372,all scheduled patients served,0.5
143,ProposedEnvironmentMediatedReplanner,5.0,6306.451,222.604,1.0,300,42,258,300,300,300,300,300,42,258,0,0,0,15,15,3036,all scheduled patients served,0.5
144,FsmReactiveController,3.3333,4301.883,87.207,1.0,300,42,258,300,300,300,300,300,42,258,0,0,0,15,15,2318,all scheduled patients served,0.75
145,PriorityQueueDispatcher,3.3333,4312.4,90.516,1.0,300,42,258,300,300,300,300,300,42,258,0,0,0,15,15,2330,all scheduled patients served,0.75
146,DecisionTableController,3.3333,4345.387,89.363,1.0,300,42,258,300,300,300,300,300,42,258,0,0,0,15,15,2304,all scheduled patients served,0.75
147,ProposedEnvironmentMediatedReplanner,3.3333,4325.035,202.829,1.0,300,42,258,300,300,300,300,300,42,258,0,0,0,15,15,3552,all scheduled patients served,0.75
148,FsmReactiveController,2.5,3654.469,105.754,1.0,300,42,258,300,300,300,300,300,42,258,0,0,0,15,15,2298,all scheduled patients served,1.0
149,PriorityQueueDispatcher,2.5,3677.684,99.609,1.0,300,42,258,300,300,300,300,300,42,258,0,0,0,15,15,2286,all scheduled patients served,1.0
150,DecisionTableController,2.5,3646.598,100.229,1.0,300,42,258,300,300,300,300,300,42,258,0,0,0,15,15,2292,all scheduled patients served,1.0
151,ProposedEnvironmentMediatedReplanner,2.5,3640.367,155.638,1.0,300,42,258,300,300,300,300,300,42,258,0,0,0,15,15,2992,all scheduled patients served,1.0
152,FsmReactiveController,2.0,3421.5,125.419,1.0,300,42,258,300,300,300,300,300,42,258,0,0,0,15,15,2282,all scheduled patients served,1.25
153,PriorityQueueDispatcher,2.0,3410.199,129.686,1.0,300,42,258,300,300,300,300,300,42,258,0,0,0,15,15,2294,all scheduled patients served,1.25
154,DecisionTableController,2.0,3443.887,133.183,1.0,300,42,258,300,300,300,300,300,42,258,0,0,0,15,15,2296,all scheduled patients served,1.25
155,ProposedEnvironmentMediatedReplanner,2.0,3412.617,141.676,1.0,300,42,258,300,300,300,300,300,42,258,0,0,0,15,15,3174,all scheduled patients served,1.25
156,FsmReactiveController,1.6667,3273.672,143.01,1.0,300,42,258,300,300,300,300,300,42,258,0,0,0,15,15,2296,all scheduled patients served,1.5
157,PriorityQueueDispatcher,1.6667,3284.664,138.243,1.0,300,42,258,300,300,300,300,300,42,258,0,0,0,15,15,2290,all scheduled patients served,1.5
158,DecisionTableController,1.6667,3284.406,138.513,1.0,300,42,258,300,300,300,300,300,42,258,0,0,0,15,15,2306,all scheduled patients served,1.5
159,ProposedEnvironmentMediatedReplanner,1.6667,3270.352,143.228,1.0,300,42,258,300,300,300,300,300,42,258,0,0,0,15,15,3372,all scheduled patients served,1.5
160,FsmReactiveController,1.25,3041.969,155.14,1.0,300,42,258,300,300,300,300,300,42,258,0,0,0,15,15,2284,all scheduled patients served,2.0
161,PriorityQueueDispatcher,1.25,3120.297,157.358,1.0,300,42,258,300,300,300,300,300,42,258,0,0,0,15,15,2298,all scheduled patients served,2.0
162,DecisionTableController,1.25,3099.313,159.559,1.0,300,42,258,300,300,300,300,300,42,258,0,0,0,15,15,2296,all scheduled patients served,2.0
163,ProposedEnvironmentMediatedReplanner,1.25,3066.469,145.947,1.0,300,42,258,300,300,300,300,300,42,258,0,0,0,15,15,3118,all scheduled patients served,2.0
164,FsmReactiveController,1.0,2978.484,170.292,1.0,300,42,258,300,300,300,300,300,42,258,0,0,0,15,15,2260,all scheduled patients served,2.5
165,PriorityQueueDispatcher,1.0,3107.867,178.15,1.0,300,42,258,300,300,300,300,300,42,258,0,0,0,15,15,2284,all scheduled patients served,2.5
166,DecisionTableController,1.0,3013.797,176.263,1.0,300,42,258,300,300,300,300,300,42,258,0,0,0,15,15,2272,all scheduled patients served,2.5
167,ProposedEnvironmentMediatedReplanner,1.0,2952.969,121.29,1.0,300,42,258,300,300,300,300,300,42,258,0,0,0,15,15,3258,all scheduled patients served,2.5
168,FsmReactiveController,5.0,6258.0,104.419,1.0,300,49,251,300,300,300,300,300,49,251,0,0,0,15,15,2332,all scheduled patients served,0.5
169,PriorityQueueDispatcher,5.0,6279.2,111.2,1.0,300,49,251,300,300,300,300,300,49,251,0,0,0,15,15,2326,all scheduled patients served,0.5
170,DecisionTableController,5.0,6266.351,108.243,1.0,300,49,251,300,300,300,300,300,49,251,0,0,0,15,15,2342,all scheduled patients served,0.5
171,ProposedEnvironmentMediatedReplanner,5.0,6271.684,240.118,1.0,300,49,251,300,300,300,300,300,49,251,0,0,0,15,15,3214,all scheduled patients served,0.5
172,FsmReactiveController,3.3333,4272.6,86.59,1.0,300,49,251,300,300,300,300,300,49,251,0,0,0,15,15,2284,all scheduled patients served,0.75
173,PriorityQueueDispatcher,3.3333,4274.299,90.218,1.0,300,49,251,300,300,300,300,300,49,251,0,0,0,15,15,2282,all scheduled patients served,0.75
174,DecisionTableController,3.3333,4259.617,89.508,1.0,300,49,251,300,300,300,300,300,49,251,0,0,0,15,15,2274,all scheduled patients served,0.75
175,ProposedEnvironmentMediatedReplanner,3.3333,4269.418,160.957,1.0,300,49,251,300,300,300,300,300,49,251,0,0,0,15,15,3116,all scheduled patients served,0.75
176,FsmReactiveController,2.5,3487.719,102.981,1.0,300,49,251,300,300,300,300,300,49,251,0,0,0,15,15,2256,all scheduled patients served,1.0
177,PriorityQueueDispatcher,2.5,3548.984,109.967,1.0,300,49,251,300,300,300,300,300,49,251,0,0,0,15,15,2280,all scheduled patients served,1.0
178,DecisionTableController,2.5,3513.75,108.388,1.0,300,49,251,300,300,300,300,300,49,251,0,0,0,15,15,2278,all scheduled patients served,1.0
179,ProposedEnvironmentMediatedReplanner,2.5,3589.902,143.444,1.0,300,49,251,300,300,300,300,300,49,251,0,0,0,15,15,3176,all scheduled patients served,1.0
180,FsmReactiveController,2.0,3356.918,136.885,1.0,300,49,251,300,300,300,300,300,49,251,0,0,0,15,15,2294,all scheduled patients served,1.25
181,PriorityQueueDispatcher,2.0,3433.285,143.498,1.0,300,49,251,300,300,300,300,300,49,251,0,0,0,15,15,2306,all scheduled patients served,1.25
182,DecisionTableController,2.0,3307.715,134.522,1.0,300,49,251,300,300,300,300,300,49,251,0,0,0,15,15,2264,all scheduled patients served,1.25
183,ProposedEnvironmentMediatedReplanner,2.0,3346.664,144.024,1.0,300,49,251,300,300,300,300,300,49,251,0,0,0,15,15,3282,all scheduled patients served,1.25
184,FsmReactiveController,1.6667,3201.266,149.181,1.0,300,49,251,300,300,300,300,300,49,251,0,0,0,15,15,2284,all scheduled patients served,1.5
185,PriorityQueueDispatcher,1.6667,3191.617,142.908,1.0,300,49,251,300,300,300,300,300,49,251,0,0,0,15,15,2280,all scheduled patients served,1.5
186,DecisionTableController,1.6667,3231.164,144.224,1.0,300,49,251,300,300,300,300,300,49,251,0,0,0,15,15,2276,all scheduled patients served,1.5
187,ProposedEnvironmentMediatedReplanner,1.6667,3197.344,153.183,1.0,300,49,251,300,300,300,300,300,49,251,0,0,0,15,15,3068,all scheduled patients served,1.5
188,FsmReactiveController,1.25,3081.0,162.736,1.0,300,49,251,300,300,300,300,300,49,251,0,0,0,15,15,2286,all scheduled patients served,2.0
189,PriorityQueueDispatcher,1.25,3092.352,166.598,1.0,300,49,251,300,300,300,300,300,49,251,0,0,0,15,15,2296,all scheduled patients served,2.0
190,DecisionTableController,1.25,3057.133,164.668,1.0,300,49,251,300,300,300,300,300,49,251,0,0,0,15,15,2290,all scheduled patients served,2.0
191,ProposedEnvironmentMediatedReplanner,1.25,3019.039,148.086,1.0,300,49,251,300,300,300,300,300,49,251,0,0,0,15,15,2952,all scheduled patients served,2.0
192,FsmReactiveController,1.0,2971.5,179.254,1.0,300,49,251,300,300,300,300,300,49,251,0,0,0,15,15,2286,all scheduled patients served,2.5
193,PriorityQueueDispatcher,1.0,2970.297,176.666,1.0,300,49,251,300,300,300,300,300,49,251,0,0,0,15,15,2274,all scheduled patients served,2.5
194,DecisionTableController,1.0,3008.266,178.25,1.0,300,49,251,300,300,300,300,300,49,251,0,0,0,15,15,2282,all scheduled patients served,2.5
195,ProposedEnvironmentMediatedReplanner,1.0,3019.266,111.058,1.0,300,49,251,300,300,300,300,300,49,251,0,0,0,15,15,3672,all scheduled patients served,2.5
196,FsmReactiveController,5.0,6135.967,102.521,1.0,300,39,261,300,300,300,300,300,39,261,0,0,0,15,15,2364,all scheduled patients served,0.5
197,PriorityQueueDispatcher,5.0,6141.25,108.509,1.0,300,39,261,300,300,300,300,300,39,261,0,0,0,15,15,2362,all scheduled patients served,0.5
198,DecisionTableController,5.0,6105.301,106.005,1.0,300,39,261,300,300,300,300,300,39,261,0,0,0,15,15,2342,all scheduled patients served,0.5
199,ProposedEnvironmentMediatedReplanner,5.0,6125.582,227.089,1.0,300,39,261,300,300,300,300,300,39,261,0,0,0,15,15,3214,all scheduled patients served,0.5
200,FsmReactiveController,3.3333,4195.049,84.75,1.0,300,39,261,300,300,300,300,300,39,261,0,0,0,15,15,2318,all scheduled patients served,0.75
201,PriorityQueueDispatcher,3.3333,4280.365,88.805,1.0,300,39,261,300,300,300,300,300,39,261,0,0,0,15,15,2310,all scheduled patients served,0.75
202,DecisionTableController,3.3333,4203.266,86.668,1.0,300,39,261,300,300,300,300,300,39,261,0,0,0,15,15,2318,all scheduled patients served,0.75
203,ProposedEnvironmentMediatedReplanner,3.3333,4276.066,193.556,1.0,300,39,261,300,300,300,300,300,39,261,0,0,0,15,15,3734,all scheduled patients served,0.75
204,FsmReactiveController,2.5,3625.887,97.807,1.0,300,39,261,300,300,300,300,300,39,261,0,0,0,15,15,2288,all scheduled patients served,1.0
205,PriorityQueueDispatcher,2.5,3629.566,97.24,1.0,300,39,261,300,300,300,300,300,39,261,0,0,0,15,15,2280,all scheduled patients served,1.0
206,DecisionTableController,2.5,3576.398,92.379,1.0,300,39,261,300,300,300,300,300,39,261,0,0,0,15,15,2278,all scheduled patients served,1.0
207,ProposedEnvironmentMediatedReplanner,2.5,3568.297,147.61,1.0,300,39,261,300,300,300,300,300,39,261,0,0,0,15,15,3304,all scheduled patients served,1.0
208,FsmReactiveController,2.0,3431.066,126.998,1.0,300,39,261,300,300,300,300,300,39,261,0,0,0,15,15,2296,all scheduled patients served,1.25
209,PriorityQueueDispatcher,2.0,3348.633,123.531,1.0,300,39,261,300,300,300,300,300,39,261,0,0,0,15,15,2276,all scheduled patients served,1.25
210,DecisionTableController,2.0,3321.98,124.962,1.0,300,39,261,300,300,300,300,300,39,261,0,0,0,15,15,2278,all scheduled patients served,1.25
211,ProposedEnvironmentMediatedReplanner,2.0,3322.0,124.802,1.0,300,39,261,300,300,300,300,300,39,261,0,0,0,15,15,2890,all scheduled patients served,1.25
212,FsmReactiveController,1.6667,3208.836,143.293,1.0,300,39,261,300,300,300,300,300,39,261,0,0,0,15,15,2290,all scheduled patients served,1.5
213,PriorityQueueDispatcher,1.6667,3276.648,137.897,1.0,300,39,261,300,300,300,300,300,39,261,0,0,0,15,15,2282,all scheduled patients served,1.5
214,DecisionTableController,1.6667,3318.453,142.433,1.0,300,39,261,300,300,300,300,300,39,261,0,0,0,15,15,2286,all scheduled patients served,1.5
215,ProposedEnvironmentMediatedReplanner,1.6667,3159.0,122.732,1.0,300,39,261,300,300,300,300,300,39,261,0,0,0,15,15,2902,all scheduled patients served,1.5
216,FsmReactiveController,1.25,3036.164,155.869,1.0,300,39,261,300,300,300,300,300,39,261,0,0,0,15,15,2292,all scheduled patients served,2.0
217,PriorityQueueDispatcher,1.25,3138.266,161.01,1.0,300,39,261,300,300,300,300,300,39,261,0,0,0,15,15,2294,all scheduled patients served,2.0
218,DecisionTableController,1.25,3067.828,161.299,1.0,300,39,261,300,300,300,300,300,39,261,0,0,0,15,15,2278,all scheduled patients served,2.0
219,ProposedEnvironmentMediatedReplanner,1.25,3086.219,145.705,1.0,300,39,261,300,300,300,300,300,39,261,0,0,0,15,15,3240,all scheduled patients served,2.0
220,FsmReactiveController,1.0,2996.75,176.893,1.0,300,39,261,300,300,300,300,300,39,261,0,0,0,15,15,2280,all scheduled patients served,2.5
221,PriorityQueueDispatcher,1.0,3025.984,180.951,1.0,300,39,261,300,300,300,300,300,39,261,0,0,0,15,15,2292,all scheduled patients served,2.5
222,DecisionTableController,1.0,3075.617,184.555,1.0,300,39,261,300,300,300,300,300,39,261,0,0,0,15,15,2300,all scheduled patients served,2.5
223,ProposedEnvironmentMediatedReplanner,1.0,3016.797,145.852,1.0,300,39,261,300,300,300,300,300,39,261,0,0,0,15,15,3314,all scheduled patients served,2.5
224,FsmReactiveController,5.0,6244.45,104.92,1.0,300,46,254,300,300,300,300,300,46,254,0,0,0,15,15,2364,all scheduled patients served,0.5
225,PriorityQueueDispatcher,5.0,6216.467,110.781,1.0,300,46,254,300,300,300,300,300,46,254,0,0,0,15,15,2348,all scheduled patients served,0.5
226,DecisionTableController,5.0,6239.866,109.674,1.0,300,46,254,300,300,300,300,300,46,254,0,0,0,15,15,2340,all scheduled patients served,0.5
227,ProposedEnvironmentMediatedReplanner,5.0,6266.885,250.678,1.0,300,46,254,300,300,300,300,300,46,254,0,0,0,15,15,3082,all scheduled patients served,0.5
228,FsmReactiveController,3.3333,4268.832,86.124,1.0,300,46,254,300,300,300,300,300,46,254,0,0,0,15,15,2310,all scheduled patients served,0.75
229,PriorityQueueDispatcher,3.3333,4264.617,86.977,1.0,300,46,254,300,300,300,300,300,46,254,0,0,0,15,15,2316,all scheduled patients served,0.75
230,DecisionTableController,3.3333,4294.965,86.87,1.0,300,46,254,300,300,300,300,300,46,254,0,0,0,15,15,2330,all scheduled patients served,0.75
231,ProposedEnvironmentMediatedReplanner,3.3333,4309.883,193.071,1.0,300,46,254,300,300,300,300,300,46,254,0,0,0,15,15,3348,all scheduled patients served,0.75
232,FsmReactiveController,2.5,3547.168,96.98,1.0,300,46,254,300,300,300,300,300,46,254,0,0,0,15,15,2286,all scheduled patients served,1.0
233,PriorityQueueDispatcher,2.5,3483.086,87.187,1.0,300,46,254,300,300,300,300,300,46,254,0,0,0,15,15,2292,all scheduled patients served,1.0
234,DecisionTableController,2.5,3502.234,90.044,1.0,300,46,254,300,300,300,300,300,46,254,0,0,0,15,15,2302,all scheduled patients served,1.0
235,ProposedEnvironmentMediatedReplanner,2.5,3529.98,155.367,1.0,300,46,254,300,300,300,300,300,46,254,0,0,0,15,15,3242,all scheduled patients served,1.0
236,FsmReactiveController,2.0,3289.082,119.967,1.0,300,46,254,300,300,300,300,300,46,254,0,0,0,15,15,2292,all scheduled patients served,1.25
237,PriorityQueueDispatcher,2.0,3278.383,123.599,1.0,300,46,254,300,300,300,300,300,46,254,0,0,0,15,15,2296,all scheduled patients served,1.25
238,DecisionTableController,2.0,3355.984,126.213,1.0,300,46,254,300,300,300,300,300,46,254,0,0,0,15,15,2308,all scheduled patients served,1.25
239,ProposedEnvironmentMediatedReplanner,2.0,3340.734,153.111,1.0,300,46,254,300,300,300,300,300,46,254,0,0,0,15,15,3580,all scheduled patients served,1.25
240,FsmReactiveController,1.6667,3219.367,140.418,1.0,300,46,254,300,300,300,300,300,46,254,0,0,0,15,15,2298,all scheduled patients served,1.5
241,PriorityQueueDispatcher,1.6667,3183.398,134.864,1.0,300,46,254,300,300,300,300,300,46,254,0,0,0,15,15,2282,all scheduled patients served,1.5
242,DecisionTableController,1.6667,3151.188,135.392,1.0,300,46,254,300,300,300,300,300,46,254,0,0,0,15,15,2298,all scheduled patients served,1.5
243,ProposedEnvironmentMediatedReplanner,1.6667,3097.797,123.324,1.0,300,46,254,300,300,300,300,300,46,254,0,0,0,15,15,3168,all scheduled patients served,1.5
244,FsmReactiveController,1.25,3026.5,152.431,1.0,300,46,254,300,300,300,300,300,46,254,0,0,0,15,15,2298,all scheduled patients served,2.0
245,PriorityQueueDispatcher,1.25,3015.281,153.753,1.0,300,46,254,300,300,300,300,300,46,254,0,0,0,15,15,2306,all scheduled patients served,2.0
246,DecisionTableController,1.25,2986.352,152.96,1.0,300,46,254,300,300,300,300,300,46,254,0,0,0,15,15,2294,all scheduled patients served,2.0
247,ProposedEnvironmentMediatedReplanner,1.25,2975.5,139.858,1.0,300,46,254,300,300,300,300,300,46,254,0,0,0,15,15,3274,all scheduled patients served,2.0
248,FsmReactiveController,1.0,2930.844,164.123,1.0,300,46,254,300,300,300,300,300,46,254,0,0,0,15,15,2282,all scheduled patients served,2.5
249,PriorityQueueDispatcher,1.0,2994.328,167.26,1.0,300,46,254,300,300,300,300,300,46,254,0,0,0,15,15,2284,all scheduled patients served,2.5
250,DecisionTableController,1.0,2942.547,170.822,1.0,300,46,254,300,300,300,300,300,46,254,0,0,0,15,15,2290,all scheduled patients served,2.5
251,ProposedEnvironmentMediatedReplanner,1.0,2946.703,148.395,1.0,300,46,254,300,300,300,300,300,46,254,0,0,0,15,15,3164,all scheduled patients served,2.5
252,FsmReactiveController,5.0,6308.75,105.45,1.0,300,41,259,300,300,300,300,300,41,259,0,0,0,15,15,2362,all scheduled patients served,0.5
253,PriorityQueueDispatcher,5.0,6325.417,110.657,1.0,300,41,259,300,300,300,300,300,41,259,0,0,0,15,15,2348,all scheduled patients served,0.5
254,DecisionTableController,5.0,6310.483,109.437,1.0,300,41,259,300,300,300,300,300,41,259,0,0,0,15,15,2354,all scheduled patients served,0.5
255,ProposedEnvironmentMediatedReplanner,5.0,6325.301,224.765,1.0,300,41,259,300,300,300,300,300,41,259,0,0,0,15,15,3252,all scheduled patients served,0.5
256,FsmReactiveController,3.3333,4338.199,84.713,1.0,300,41,259,300,300,300,300,300,41,259,0,0,0,15,15,2280,all scheduled patients served,0.75
257,PriorityQueueDispatcher,3.3333,4373.385,87.613,1.0,300,41,259,300,300,300,300,300,41,259,0,0,0,15,15,2306,all scheduled patients served,0.75
258,DecisionTableController,3.3333,4353.449,86.698,1.0,300,41,259,300,300,300,300,300,41,259,0,0,0,15,15,2304,all scheduled patients served,0.75
259,ProposedEnvironmentMediatedReplanner,3.3333,4395.668,199.518,1.0,300,41,259,300,300,300,300,300,41,259,0,0,0,15,15,3742,all scheduled patients served,0.75
260,FsmReactiveController,2.5,3572.316,96.616,1.0,300,41,259,300,300,300,300,300,41,259,0,0,0,15,15,2278,all scheduled patients served,1.0
261,PriorityQueueDispatcher,2.5,3533.832,92.386,1.0,300,41,259,300,300,300,300,300,41,259,0,0,0,15,15,2268,all scheduled patients served,1.0
262,DecisionTableController,2.5,3542.73,91.632,1.0,300,41,259,300,300,300,300,300,41,259,0,0,0,15,15,2262,all scheduled patients served,1.0
263,ProposedEnvironmentMediatedReplanner,2.5,3571.582,165.89,1.0,300,41,259,300,300,300,300,300,41,259,0,0,0,15,15,3300,all scheduled patients served,1.0
264,FsmReactiveController,2.0,3374.734,128.697,1.0,300,41,259,300,300,300,300,300,41,259,0,0,0,15,15,2274,all scheduled patients served,1.25
265,PriorityQueueDispatcher,2.0,3287.801,129.24,1.0,300,41,259,300,300,300,300,300,41,259,0,0,0,15,15,2260,all scheduled patients served,1.25
266,DecisionTableController,2.0,3384.516,132.883,1.0,300,41,259,300,300,300,300,300,41,259,0,0,0,15,15,2280,all scheduled patients served,1.25
267,ProposedEnvironmentMediatedReplanner,2.0,3362.313,154.967,1.0,300,41,259,300,300,300,300,300,41,259,0,0,0,15,15,3166,all scheduled patients served,1.25
268,FsmReactiveController,1.6667,3197.453,145.526,1.0,300,41,259,300,300,300,300,300,41,259,0,0,0,15,15,2276,all scheduled patients served,1.5
269,PriorityQueueDispatcher,1.6667,3218.0,139.941,1.0,300,41,259,300,300,300,300,300,41,259,0,0,0,15,15,2276,all scheduled patients served,1.5
270,DecisionTableController,1.6667,3202.664,138.146,1.0,300,41,259,300,300,300,300,300,41,259,0,0,0,15,15,2260,all scheduled patients served,1.5
271,ProposedEnvironmentMediatedReplanner,1.6667,3177.805,137.184,1.0,300,41,259,300,300,300,300,300,41,259,0,0,0,15,15,3070,all scheduled patients served,1.5
272,FsmReactiveController,1.25,3043.25,156.842,1.0,300,41,259,300,300,300,300,300,41,259,0,0,0,15,15,2272,all scheduled patients served,2.0
273,PriorityQueueDispatcher,1.25,3007.516,159.615,1.0,300,41,259,300,300,300,300,300,41,259,0,0,0,15,15,2270,all scheduled patients served,2.0
274,DecisionTableController,1.25,3038.469,162.355,1.0,300,41,259,300,300,300,300,300,41,259,0,0,0,15,15,2290,all scheduled patients served,2.0
275,ProposedEnvironmentMediatedReplanner,1.25,3125.773,161.361,1.0,300,41,259,300,300,300,300,300,41,259,0,0,0,15,15,3426,all scheduled patients served,2.0
276,FsmReactiveController,1.0,2968.336,173.57,1.0,300,41,259,300,300,300,300,300,41,259,0,0,0,15,15,2260,all scheduled patients served,2.5
277,PriorityQueueDispatcher,1.0,2939.164,168.012,1.0,300,41,259,300,300,300,300,300,41,259,0,0,0,15,15,2258,all scheduled patients served,2.5
278,DecisionTableController,1.0,3080.305,183.833,1.0,300,41,259,300,300,300,300,300,41,259,0,0,0,15,15,2282,all scheduled patients served,2.5
279,ProposedEnvironmentMediatedReplanner,1.0,3002.883,122.311,1.0,300,41,259,300,300,300,300,300,41,259,0,0,0,15,15,3432,all scheduled patients served,2.5
280,FsmReactiveController,5.0,6266.167,105.786,1.0,300,37,263,300,300,300,300,300,37,263,0,0,0,15,15,2368,all scheduled patients served,0.5
281,PriorityQueueDispatcher,5.0,6267.816,110.641,1.0,300,37,263,300,300,300,300,300,37,263,0,0,0,15,15,2368,all scheduled patients served,0.5
282,DecisionTableController,5.0,6255.817,108.327,1.0,300,37,263,300,300,300,300,300,37,263,0,0,0,15,15,2366,all scheduled patients served,0.5
283,ProposedEnvironmentMediatedReplanner,5.0,6274.084,213.893,1.0,300,37,263,300,300,300,300,300,37,263,0,0,0,15,15,3222,all scheduled patients served,0.5
284,FsmReactiveController,3.3333,4331.365,86.962,1.0,300,37,263,300,300,300,300,300,37,263,0,0,0,15,15,2300,all scheduled patients served,0.75
285,PriorityQueueDispatcher,3.3333,4315.133,87.165,1.0,300,37,263,300,300,300,300,300,37,263,0,0,0,15,15,2296,all scheduled patients served,0.75
286,DecisionTableController,3.3333,4320.531,87.656,1.0,300,37,263,300,300,300,300,300,37,263,0,0,0,15,15,2298,all scheduled patients served,0.75
287,ProposedEnvironmentMediatedReplanner,3.3333,4292.602,178.191,1.0,300,37,263,300,300,300,300,300,37,263,0,0,0,15,15,3568,all scheduled patients served,0.75
288,FsmReactiveController,2.5,3563.801,104.6,1.0,300,37,263,300,300,300,300,300,37,263,0,0,0,15,15,2278,all scheduled patients served,1.0
289,PriorityQueueDispatcher,2.5,3605.551,100.697,1.0,300,37,263,300,300,300,300,300,37,263,0,0,0,15,15,2276,all scheduled patients served,1.0
290,DecisionTableController,2.5,3594.199,106.706,1.0,300,37,263,300,300,300,300,300,37,263,0,0,0,15,15,2292,all scheduled patients served,1.0
291,ProposedEnvironmentMediatedReplanner,2.5,3552.984,159.957,1.0,300,37,263,300,300,300,300,300,37,263,0,0,0,15,15,3390,all scheduled patients served,1.0
292,FsmReactiveController,2.0,3345.867,137.238,1.0,300,37,263,300,300,300,300,300,37,263,0,0,0,15,15,2282,all scheduled patients served,1.25
293,PriorityQueueDispatcher,2.0,3356.219,136.68,1.0,300,37,263,300,300,300,300,300,37,263,0,0,0,15,15,2270,all scheduled patients served,1.25
294,DecisionTableController,2.0,3307.5,135.215,1.0,300,37,263,300,300,300,300,300,37,263,0,0,0,15,15,2264,all scheduled patients served,1.25
295,ProposedEnvironmentMediatedReplanner,2.0,3302.906,156.214,1.0,300,37,263,300,300,300,300,300,37,263,0,0,0,15,15,3130,all scheduled patients served,1.25
296,FsmReactiveController,1.6667,3273.352,145.87,1.0,300,37,263,300,300,300,300,300,37,263,0,0,0,15,15,2280,all scheduled patients served,1.5
297,PriorityQueueDispatcher,1.6667,3292.102,149.131,1.0,300,37,263,300,300,300,300,300,37,263,0,0,0,15,15,2290,all scheduled patients served,1.5
298,DecisionTableController,1.6667,3219.133,144.562,1.0,300,37,263,300,300,300,300,300,37,263,0,0,0,15,15,2256,all scheduled patients served,1.5
299,ProposedEnvironmentMediatedReplanner,1.6667,3193.82,151.353,1.0,300,37,263,300,300,300,300,300,37,263,0,0,0,15,15,3182,all scheduled patients served,1.5
300,FsmReactiveController,1.25,3074.75,163.057,1.0,300,37,263,300,300,300,300,300,37,263,0,0,0,15,15,2288,all scheduled patients served,2.0
301,PriorityQueueDispatcher,1.25,3005.266,158.136,1.0,300,37,263,300,300,300,300,300,37,263,0,0,0,15,15,2266,all scheduled patients served,2.0
302,DecisionTableController,1.25,3067.617,164.306,1.0,300,37,263,300,300,300,300,300,37,263,0,0,0,15,15,2280,all scheduled patients served,2.0
303,ProposedEnvironmentMediatedReplanner,1.25,3012.813,144.707,1.0,300,37,263,300,300,300,300,300,37,263,0,0,0,15,15,3104,all scheduled patients served,2.0
304,FsmReactiveController,1.0,3009.313,180.454,1.0,300,37,263,300,300,300,300,300,37,263,0,0,0,15,15,2286,all scheduled patients served,2.5
305,PriorityQueueDispatcher,1.0,2988.383,179.221,1.0,300,37,263,300,300,300,300,300,37,263,0,0,0,15,15,2274,all scheduled patients served,2.5
306,DecisionTableController,1.0,3067.133,182.083,1.0,300,37,263,300,300,300,300,300,37,263,0,0,0,15,15,2290,all scheduled patients served,2.5
307,ProposedEnvironmentMediatedReplanner,1.0,2993.438,109.174,1.0,300,37,263,300,300,300,300,300,37,263,0,0,0,15,15,3506,all scheduled patients served,2.5
308,FsmReactiveController,5.0,6297.95,106.358,1.0,300,44,256,300,300,300,300,300,44,256,0,0,0,15,15,2368,all scheduled patients served,0.5
309,PriorityQueueDispatcher,5.0,6295.483,110.161,1.0,300,44,256,300,300,300,300,300,44,256,0,0,0,15,15,2350,all scheduled patients served,0.5
310,DecisionTableController,5.0,6299.25,108.385,1.0,300,44,256,300,300,300,300,300,44,256,0,0,0,15,15,2382,all scheduled patients served,0.5
311,ProposedEnvironmentMediatedReplanner,5.0,6310.4,218.645,1.0,300,44,256,300,300,300,300,300,44,256,0,0,0,15,15,3116,all scheduled patients served,0.5
312,FsmReactiveController,3.3333,4317.934,85.968,1.0,300,44,256,300,300,300,300,300,44,256,0,0,0,15,15,2324,all scheduled patients served,0.75
313,PriorityQueueDispatcher,3.3333,4341.416,88.925,1.0,300,44,256,300,300,300,300,300,44,256,0,0,0,15,15,2332,all scheduled patients served,0.75
314,DecisionTableController,3.3333,4331.582,87.08,1.0,300,44,256,300,300,300,300,300,44,256,0,0,0,15,15,2332,all scheduled patients served,0.75
315,ProposedEnvironmentMediatedReplanner,3.3333,4381.715,163.206,1.0,300,44,256,300,300,300,300,300,44,256,0,0,0,15,15,3406,all scheduled patients served,0.75
316,FsmReactiveController,2.5,3588.48,101.49,1.0,300,44,256,300,300,300,300,300,44,256,0,0,0,15,15,2284,all scheduled patients served,1.0
317,PriorityQueueDispatcher,2.5,3688.984,115.854,1.0,300,44,256,300,300,300,300,300,44,256,0,0,0,15,15,2292,all scheduled patients served,1.0
318,DecisionTableController,2.5,3670.469,107.808,1.0,300,44,256,300,300,300,300,300,44,256,0,0,0,15,15,2310,all scheduled patients served,1.0
319,ProposedEnvironmentMediatedReplanner,2.5,3706.785,148.719,1.0,300,44,256,300,300,300,300,300,44,256,0,0,0,15,15,3388,all scheduled patients served,1.0
320,FsmReactiveController,2.0,3449.082,135.755,1.0,300,44,256,300,300,300,300,300,44,256,0,0,0,15,15,2296,all scheduled patients served,1.25
321,PriorityQueueDispatcher,2.0,3405.898,133.039,1.0,300,44,256,300,300,300,300,300,44,256,0,0,0,15,15,2292,all scheduled patients served,1.25
322,DecisionTableController,2.0,3483.48,138.665,1.0,300,44,256,300,300,300,300,300,44,256,0,0,0,15,15,2284,all scheduled patients served,1.25
323,ProposedEnvironmentMediatedReplanner,2.0,3482.727,165.939,1.0,300,44,256,300,300,300,300,300,44,256,0,0,0,15,15,3426,all scheduled patients served,1.25
324,FsmReactiveController,1.6667,3283.445,144.386,1.0,300,44,256,300,300,300,300,300,44,256,0,0,0,15,15,2294,all scheduled patients served,1.5
325,PriorityQueueDispatcher,1.6667,3341.211,145.608,1.0,300,44,256,300,300,300,300,300,44,256,0,0,0,15,15,2304,all scheduled patients served,1.5
326,DecisionTableController,1.6667,3343.016,146.212,1.0,300,44,256,300,300,300,300,300,44,256,0,0,0,15,15,2300,all scheduled patients served,1.5
327,ProposedEnvironmentMediatedReplanner,1.6667,3282.781,159.121,1.0,300,44,256,300,300,300,300,300,44,256,0,0,0,15,15,3402,all scheduled patients served,1.5
328,FsmReactiveController,1.25,3121.664,163.2,1.0,300,44,256,300,300,300,300,300,44,256,0,0,0,15,15,2284,all scheduled patients served,2.0
329,PriorityQueueDispatcher,1.25,3104.383,162.828,1.0,300,44,256,300,300,300,300,300,44,256,0,0,0,15,15,2296,all scheduled patients served,2.0
330,DecisionTableController,1.25,3126.367,162.777,1.0,300,44,256,300,300,300,300,300,44,256,0,0,0,15,15,2282,all scheduled patients served,2.0
331,ProposedEnvironmentMediatedReplanner,1.25,3170.531,173.892,1.0,300,44,256,300,300,300,300,300,44,256,0,0,0,15,15,3610,all scheduled patients served,2.0
332,FsmReactiveController,1.0,3062.086,178.229,1.0,300,44,256,300,300,300,300,300,44,256,0,0,0,15,15,2294,all scheduled patients served,2.5
333,PriorityQueueDispatcher,1.0,3052.281,177.962,1.0,300,44,256,300,300,300,300,300,44,256,0,0,0,15,15,2288,all scheduled patients served,2.5
334,DecisionTableController,1.0,3015.445,169.348,1.0,300,44,256,300,300,300,300,300,44,256,0,0,0,15,15,2274,all scheduled patients served,2.5
335,ProposedEnvironmentMediatedReplanner,1.0,3015.563,91.351,1.0,300,44,256,300,300,300,300,300,44,256,0,0,0,15,15,3232,all scheduled patients served,2.5
336,FsmReactiveController,5.0,6284.733,108.5,1.0,300,46,254,300,300,300,300,300,46,254,0,0,0,15,15,2378,all scheduled patients served,0.5
337,PriorityQueueDispatcher,5.0,6304.7,112.27,1.0,300,46,254,300,300,300,300,300,46,254,0,0,0,15,15,2364,all scheduled patients served,0.5
338,DecisionTableController,5.0,6291.484,109.427,1.0,300,46,254,300,300,300,300,300,46,254,0,0,0,15,15,2342,all scheduled patients served,0.5
339,ProposedEnvironmentMediatedReplanner,5.0,6306.1,231.404,1.0,300,46,254,300,300,300,300,300,46,254,0,0,0,15,15,3192,all scheduled patients served,0.5
340,FsmReactiveController,3.3333,4309.0,85.187,1.0,300,46,254,300,300,300,300,300,46,254,0,0,0,15,15,2304,all scheduled patients served,0.75
341,PriorityQueueDispatcher,3.3333,4328.033,86.728,1.0,300,46,254,300,300,300,300,300,46,254,0,0,0,15,15,2306,all scheduled patients served,0.75
342,DecisionTableController,3.3333,4293.648,87.945,1.0,300,46,254,300,300,300,300,300,46,254,0,0,0,15,15,2306,all scheduled patients served,0.75
343,ProposedEnvironmentMediatedReplanner,3.3333,4303.984,179.371,1.0,300,46,254,300,300,300,300,300,46,254,0,0,0,15,15,3336,all scheduled patients served,0.75
344,FsmReactiveController,2.5,3516.301,97.06,1.0,300,46,254,300,300,300,300,300,46,254,0,0,0,15,15,2284,all scheduled patients served,1.0
345,PriorityQueueDispatcher,2.5,3488.066,92.129,1.0,300,46,254,300,300,300,300,300,46,254,0,0,0,15,15,2270,all scheduled patients served,1.0
346,DecisionTableController,2.5,3505.348,91.875,1.0,300,46,254,300,300,300,300,300,46,254,0,0,0,15,15,2276,all scheduled patients served,1.0
347,ProposedEnvironmentMediatedReplanner,2.5,3609.234,168.314,1.0,300,46,254,300,300,300,300,300,46,254,0,0,0,15,15,3750,all scheduled patients served,1.0
348,FsmReactiveController,2.0,3306.648,121.926,1.0,300,46,254,300,300,300,300,300,46,254,0,0,0,15,15,2280,all scheduled patients served,1.25
349,PriorityQueueDispatcher,2.0,3303.867,129.693,1.0,300,46,254,300,300,300,300,300,46,254,0,0,0,15,15,2300,all scheduled patients served,1.25
350,DecisionTableController,2.0,3284.0,127.534,1.0,300,46,254,300,300,300,300,300,46,254,0,0,0,15,15,2280,all scheduled patients served,1.25
351,ProposedEnvironmentMediatedReplanner,2.0,3307.273,140.314,1.0,300,46,254,300,300,300,300,300,46,254,0,0,0,15,15,3234,all scheduled patients served,1.25
352,FsmReactiveController,1.6667,3194.352,143.004,1.0,300,46,254,300,300,300,300,300,46,254,0,0,0,15,15,2296,all scheduled patients served,1.5
353,PriorityQueueDispatcher,1.6667,3173.203,135.874,1.0,300,46,254,300,300,300,300,300,46,254,0,0,0,15,15,2284,all scheduled patients served,1.5
354,DecisionTableController,1.6667,3249.313,135.602,1.0,300,46,254,300,300,300,300,300,46,254,0,0,0,15,15,2296,all scheduled patients served,1.5
355,ProposedEnvironmentMediatedReplanner,1.6667,3205.227,139.643,1.0,300,46,254,300,300,300,300,300,46,254,0,0,0,15,15,3278,all scheduled patients served,1.5
356,FsmReactiveController,1.25,3040.281,150.225,1.0,300,46,254,300,300,300,300,300,46,254,0,0,0,15,15,2294,all scheduled patients served,2.0
357,PriorityQueueDispatcher,1.25,3048.133,161.263,1.0,300,46,254,300,300,300,300,300,46,254,0,0,0,15,15,2282,all scheduled patients served,2.0
358,DecisionTableController,1.25,3103.727,162.554,1.0,300,46,254,300,300,300,300,300,46,254,0,0,0,15,15,2294,all scheduled patients served,2.0
359,ProposedEnvironmentMediatedReplanner,1.25,3078.852,147.349,1.0,300,46,254,300,300,300,300,300,46,254,0,0,0,15,15,3644,all scheduled patients served,2.0
360,FsmReactiveController,1.0,2953.266,170.349,1.0,300,46,254,300,300,300,300,300,46,254,0,0,0,15,15,2252,all scheduled patients served,2.5
361,PriorityQueueDispatcher,1.0,2988.922,172.212,1.0,300,46,254,300,300,300,300,300,46,254,0,0,0,15,15,2276,all scheduled patients served,2.5
362,DecisionTableController,1.0,3029.578,178.452,1.0,300,46,254,300,300,300,300,300,46,254,0,0,0,15,15,2298,all scheduled patients served,2.5
363,ProposedEnvironmentMediatedReplanner,1.0,2939.484,137.783,1.0,300,46,254,300,300,300,300,300,46,254,0,0,0,15,15,3288,all scheduled patients served,2.5
364,FsmReactiveController,5.0,6287.35,108.348,1.0,300,55,245,300,300,300,300,300,55,245,0,0,0,15,15,2368,all scheduled patients served,0.5
365,PriorityQueueDispatcher,5.0,6312.567,111.052,1.0,300,55,245,300,300,300,300,300,55,245,0,0,0,15,15,2346,all scheduled patients served,0.5
366,DecisionTableController,5.0,6282.583,107.893,1.0,300,55,245,300,300,300,300,300,55,245,0,0,0,15,15,2348,all scheduled patients served,0.5
367,ProposedEnvironmentMediatedReplanner,5.0,6299.301,245.362,1.0,300,55,245,300,300,300,300,300,55,245,0,0,0,15,15,3206,all scheduled patients served,0.5
368,FsmReactiveController,3.3333,4351.982,85.393,1.0,300,55,245,300,300,300,300,300,55,245,0,0,0,15,15,2300,all scheduled patients served,0.75
369,PriorityQueueDispatcher,3.3333,4336.9,88.095,1.0,300,55,245,300,300,300,300,300,55,245,0,0,0,15,15,2278,all scheduled patients served,0.75
370,DecisionTableController,3.3333,4359.0,87.735,1.0,300,55,245,300,300,300,300,300,55,245,0,0,0,15,15,2304,all scheduled patients served,0.75
371,ProposedEnvironmentMediatedReplanner,3.3333,4332.0,168.673,1.0,300,55,245,300,300,300,300,300,55,245,0,0,0,15,15,3014,all scheduled patients served,0.75
372,FsmReactiveController,2.5,3626.566,99.192,1.0,300,55,245,300,300,300,300,300,55,245,0,0,0,15,15,2296,all scheduled patients served,1.0
373,PriorityQueueDispatcher,2.5,3674.551,102.192,1.0,300,55,245,300,300,300,300,300,55,245,0,0,0,15,15,2292,all scheduled patients served,1.0
374,DecisionTableController,2.5,3640.664,100.731,1.0,300,55,245,300,300,300,300,300,55,245,0,0,0,15,15,2290,all scheduled patients served,1.0
375,ProposedEnvironmentMediatedReplanner,2.5,3609.715,136.392,1.0,300,55,245,300,300,300,300,300,55,245,0,0,0,15,15,3028,all scheduled patients served,1.0
376,FsmReactiveController,2.0,3401.082,129.504,1.0,300,55,245,300,300,300,300,300,55,245,0,0,0,15,15,2292,all scheduled patients served,1.25
377,PriorityQueueDispatcher,2.0,3421.715,129.769,1.0,300,55,245,300,300,300,300,300,55,245,0,0,0,15,15,2286,all scheduled patients served,1.25
378,DecisionTableController,2.0,3428.719,134.0,1.0,300,55,245,300,300,300,300,300,55,245,0,0,0,15,15,2298,all scheduled patients served,1.25
379,ProposedEnvironmentMediatedReplanner,2.0,3423.336,143.42,1.0,300,55,245,300,300,300,300,300,55,245,0,0,0,15,15,3284,all scheduled patients served,1.25
380,FsmReactiveController,1.6667,3305.516,143.416,1.0,300,55,245,300,300,300,300,300,55,245,0,0,0,15,15,2318,all scheduled patients served,1.5
381,PriorityQueueDispatcher,1.6667,3288.531,142.77,1.0,300,55,245,300,300,300,300,300,55,245,0,0,0,15,15,2322,all scheduled patients served,1.5
382,DecisionTableController,1.6667,3282.25,141.136,1.0,300,55,245,300,300,300,300,300,55,245,0,0,0,15,15,2308,all scheduled patients served,1.5
383,ProposedEnvironmentMediatedReplanner,1.6667,3238.836,140.731,1.0,300,55,245,300,300,300,300,300,55,245,0,0,0,15,15,3458,all scheduled patients served,1.5
384,FsmReactiveController,1.25,3069.0,155.712,1.0,300,55,245,300,300,300,300,300,55,245,0,0,0,15,15,2294,all scheduled patients served,2.0
385,PriorityQueueDispatcher,1.25,3104.938,158.656,1.0,300,55,245,300,300,300,300,300,55,245,0,0,0,15,15,2278,all scheduled patients served,2.0
386,DecisionTableController,1.25,3105.984,162.787,1.0,300,55,245,300,300,300,300,300,55,245,0,0,0,15,15,2286,all scheduled patients served,2.0
387,ProposedEnvironmentMediatedReplanner,1.25,3017.383,135.935,1.0,300,55,245,300,300,300,300,300,55,245,0,0,0,15,15,3064,all scheduled patients served,2.0
388,FsmReactiveController,1.0,3023.883,177.555,1.0,300,55,245,300,300,300,300,300,55,245,0,0,0,15,15,2292,all scheduled patients served,2.5
389,PriorityQueueDispatcher,1.0,3040.617,176.7,1.0,300,55,245,300,300,300,300,300,55,245,0,0,0,15,15,2294,all scheduled patients served,2.5
390,DecisionTableController,1.0,3061.531,177.59,1.0,300,55,245,300,300,300,300,300,55,245,0,0,0,15,15,2292,all scheduled patients served,2.5
391,ProposedEnvironmentMediatedReplanner,1.0,3010.086,130.686,1.0,300,55,245,300,300,300,300,300,55,245,0,0,0,15,15,3536,all scheduled patients served,2.5
392,FsmReactiveController,5.0,6214.967,107.056,1.0,300,37,263,300,300,300,300,300,37,263,0,0,0,15,15,2354,all scheduled patients served,0.5
393,PriorityQueueDispatcher,5.0,6240.533,110.279,1.0,300,37,263,300,300,300,300,300,37,263,0,0,0,15,15,2352,all scheduled patients served,0.5
394,DecisionTableController,5.0,6215.566,107.808,1.0,300,37,263,300,300,300,300,300,37,263,0,0,0,15,15,2336,all scheduled patients served,0.5
395,ProposedEnvironmentMediatedReplanner,5.0,6226.635,204.757,1.0,300,37,263,300,300,300,300,300,37,263,0,0,0,15,15,3042,all scheduled patients served,0.5
396,FsmReactiveController,3.3333,4297.115,86.654,1.0,300,37,263,300,300,300,300,300,37,263,0,0,0,15,15,2306,all scheduled patients served,0.75
397,PriorityQueueDispatcher,3.3333,4290.217,87.534,1.0,300,37,263,300,300,300,300,300,37,263,0,0,0,15,15,2300,all scheduled patients served,0.75
398,DecisionTableController,3.3333,4304.02,86.72,1.0,300,37,263,300,300,300,300,300,37,263,0,0,0,15,15,2294,all scheduled patients served,0.75
399,ProposedEnvironmentMediatedReplanner,3.3333,4264.367,179.012,1.0,300,37,263,300,300,300,300,300,37,263,0,0,0,15,15,3538,all scheduled patients served,0.75
400,FsmReactiveController,2.5,3631.352,109.479,1.0,300,37,263,300,300,300,300,300,37,263,0,0,0,15,15,2280,all scheduled patients served,1.0
401,PriorityQueueDispatcher,2.5,3710.316,108.684,1.0,300,37,263,300,300,300,300,300,37,263,0,0,0,15,15,2282,all scheduled patients served,1.0
402,DecisionTableController,2.5,3674.152,106.878,1.0,300,37,263,300,300,300,300,300,37,263,0,0,0,15,15,2280,all scheduled patients served,1.0
403,ProposedEnvironmentMediatedReplanner,2.5,3646.684,148.034,1.0,300,37,263,300,300,300,300,300,37,263,0,0,0,15,15,3248,all scheduled patients served,1.0
404,FsmReactiveController,2.0,3423.281,138.491,1.0,300,37,263,300,300,300,300,300,37,263,0,0,0,15,15,2314,all scheduled patients served,1.25
405,PriorityQueueDispatcher,2.0,3469.434,141.431,1.0,300,37,263,300,300,300,300,300,37,263,0,0,0,15,15,2298,all scheduled patients served,1.25
406,DecisionTableController,2.0,3429.969,140.812,1.0,300,37,263,300,300,300,300,300,37,263,0,0,0,15,15,2296,all scheduled patients served,1.25
407,ProposedEnvironmentMediatedReplanner,2.0,3345.352,145.257,1.0,300,37,263,300,300,300,300,300,37,263,0,0,0,15,15,3166,all scheduled patients served,1.25
408,FsmReactiveController,1.6667,3230.398,146.829,1.0,300,37,263,300,300,300,300,300,37,263,0,0,0,15,15,2274,all scheduled patients served,1.5
409,PriorityQueueDispatcher,1.6667,3334.945,147.978,1.0,300,37,263,300,300,300,300,300,37,263,0,0,0,15,15,2300,all scheduled patients served,1.5
410,DecisionTableController,1.6667,3299.984,146.101,1.0,300,37,263,300,300,300,300,300,37,263,0,0,0,15,15,2290,all scheduled patients served,1.5
411,ProposedEnvironmentMediatedReplanner,1.6667,3180.727,126.36,1.0,300,37,263,300,300,300,300,300,37,263,0,0,0,15,15,2970,all scheduled patients served,1.5
412,FsmReactiveController,1.25,3067.195,162.8,1.0,300,37,263,300,300,300,300,300,37,263,0,0,0,15,15,2280,all scheduled patients served,2.0
413,PriorityQueueDispatcher,1.25,3109.563,165.959,1.0,300,37,263,300,300,300,300,300,37,263,0,0,0,15,15,2282,all scheduled patients served,2.0
414,DecisionTableController,1.25,3179.938,169.207,1.0,300,37,263,300,300,300,300,300,37,263,0,0,0,15,15,2304,all scheduled patients served,2.0
415,ProposedEnvironmentMediatedReplanner,1.25,3095.617,150.737,1.0,300,37,263,300,300,300,300,300,37,263,0,0,0,15,15,3296,all scheduled patients served,2.0
416,FsmReactiveController,1.0,3069.336,184.636,1.0,300,37,263,300,300,300,300,300,37,263,0,0,0,15,15,2298,all scheduled patients served,2.5
417,PriorityQueueDispatcher,1.0,3129.633,187.734,1.0,300,37,263,300,300,300,300,300,37,263,0,0,0,15,15,2304,all scheduled patients served,2.5
418,DecisionTableController,1.0,3132.211,185.072,1.0,300,37,263,300,300,300,300,300,37,263,0,0,0,15,15,2316,all scheduled patients served,2.5
419,ProposedEnvironmentMediatedReplanner,1.0,3024.367,94.978,1.0,300,37,263,300,300,300,300,300,37,263,0,0,0,15,15,3164,all scheduled patients served,2.5
420,FsmReactiveController,5.0,6171.2,107.649,1.0,300,48,252,300,300,300,300,300,48,252,0,0,0,15,15,2354,all scheduled patients served,0.5
421,PriorityQueueDispatcher,5.0,6174.7,110.68,1.0,300,48,252,300,300,300,300,300,48,252,0,0,0,15,15,2358,all scheduled patients served,0.5
422,DecisionTableController,5.0,6144.184,108.365,1.0,300,48,252,300,300,300,300,300,48,252,0,0,0,15,15,2344,all scheduled patients served,0.5
423,ProposedEnvironmentMediatedReplanner,5.0,6160.883,212.03,1.0,300,48,252,300,300,300,300,300,48,252,0,0,0,15,15,3350,all scheduled patients served,0.5
424,FsmReactiveController,3.3333,4233.184,88.383,1.0,300,48,252,300,300,300,300,300,48,252,0,0,0,15,15,2296,all scheduled patients served,0.75
425,PriorityQueueDispatcher,3.3333,4237.768,91.554,1.0,300,48,252,300,300,300,300,300,48,252,0,0,0,15,15,2304,all scheduled patients served,0.75
426,DecisionTableController,3.3333,4253.086,91.488,1.0,300,48,252,300,300,300,300,300,48,252,0,0,0,15,15,2306,all scheduled patients served,0.75
427,ProposedEnvironmentMediatedReplanner,3.3333,4229.234,152.883,1.0,300,48,252,300,300,300,300,300,48,252,0,0,0,15,15,3342,all scheduled patients served,0.75
428,FsmReactiveController,2.5,3727.25,125.842,1.0,300,48,252,300,300,300,300,300,48,252,0,0,0,15,15,2280,all scheduled patients served,1.0
429,PriorityQueueDispatcher,2.5,3772.75,126.817,1.0,300,48,252,300,300,300,300,300,48,252,0,0,0,15,15,2284,all scheduled patients served,1.0
430,DecisionTableController,2.5,3717.73,132.983,1.0,300,48,252,300,300,300,300,300,48,252,0,0,0,15,15,2300,all scheduled patients served,1.0
431,ProposedEnvironmentMediatedReplanner,2.5,3677.383,161.763,1.0,300,48,252,300,300,300,300,300,48,252,0,0,0,15,15,3196,all scheduled patients served,1.0
432,FsmReactiveController,2.0,3507.113,155.846,1.0,300,48,252,300,300,300,300,300,48,252,0,0,0,15,15,2286,all scheduled patients served,1.25
433,PriorityQueueDispatcher,2.0,3617.168,153.572,1.0,300,48,252,300,300,300,300,300,48,252,0,0,0,15,15,2314,all scheduled patients served,1.25
434,DecisionTableController,2.0,3532.617,160.208,1.0,300,48,252,300,300,300,300,300,48,252,0,0,0,15,15,2288,all scheduled patients served,1.25
435,ProposedEnvironmentMediatedReplanner,2.0,3647.438,189.966,1.0,300,48,252,300,300,300,300,300,48,252,0,0,0,15,15,3906,all scheduled patients served,1.25
436,FsmReactiveController,1.6667,3320.883,158.397,1.0,300,48,252,300,300,300,300,300,48,252,0,0,0,15,15,2280,all scheduled patients served,1.5
437,PriorityQueueDispatcher,1.6667,3442.555,164.085,1.0,300,48,252,300,300,300,300,300,48,252,0,0,0,15,15,2290,all scheduled patients served,1.5
438,DecisionTableController,1.6667,3423.984,163.156,1.0,300,48,252,300,300,300,300,300,48,252,0,0,0,15,15,2292,all scheduled patients served,1.5
439,ProposedEnvironmentMediatedReplanner,1.6667,3362.016,173.443,1.0,300,48,252,300,300,300,300,300,48,252,0,0,0,15,15,3410,all scheduled patients served,1.5
440,FsmReactiveController,1.25,3282.664,180.702,1.0,300,48,252,300,300,300,300,300,48,252,0,0,0,15,15,2296,all scheduled patients served,2.0
441,PriorityQueueDispatcher,1.25,3208.32,177.827,1.0,300,48,252,300,300,300,300,300,48,252,0,0,0,15,15,2292,all scheduled patients served,2.0
442,DecisionTableController,1.25,3377.719,192.115,1.0,300,48,252,300,300,300,300,300,48,252,0,0,0,15,15,2320,all scheduled patients served,2.0
443,ProposedEnvironmentMediatedReplanner,1.25,3119.086,143.633,1.0,300,48,252,300,300,300,300,300,48,252,0,0,0,15,15,3062,all scheduled patients served,2.0
444,FsmReactiveController,1.0,3207.852,192.604,1.0,300,48,252,300,300,300,300,300,48,252,0,0,0,15,15,2288,all scheduled patients served,2.5
445,PriorityQueueDispatcher,1.0,3129.484,151.812,1.0,300,48,252,300,300,300,300,300,48,252,0,0,0,15,15,2286,all scheduled patients served,2.5
446,DecisionTableController,1.0,3251.453,114.361,1.0,300,48,252,300,300,300,300,300,48,252,0,0,0,15,15,2306,all scheduled patients served,2.5
447,ProposedEnvironmentMediatedReplanner,1.0,3140.719,76.365,1.0,300,48,252,300,300,300,300,300,48,252,0,0,0,15,15,3156,all scheduled patients served,2.5
