# source_dataset=NHAMCS ED public-use files 2016-2019 (CDC/NCHS), weighted bootstrap of visits (PATWT)
# priority=critical if IMMEDR in {1,2} else normal; arrival=real clock time of the visit mapped onto the window
# window_seconds=1200.0 n_patients=300 service_time=uniform_120_300s
time_seconds,is_critical,source_time,source_hadm_id,admission_type,critical_reason,diagnosis,service_seconds,source_ed_minutes,service_source
2.039,true,0002,2018-11210,AMBULANCE,nhamcs_immedr_2,NHAMCS,185.14,,nhamcs_seed_00
10.615,false,0012,2016-04113,WALKIN,nhamcs_immedr_4,NHAMCS,168.83,,nhamcs_seed_00
13.988,false,0016,2019-13512,WALKIN,nhamcs_immedr_3,NHAMCS,292.90,,nhamcs_seed_00
17.567,false,0021,2016-03663,WALKIN,nhamcs_immedr_3,NHAMCS,164.72,,nhamcs_seed_00
28.062,false,0033,2017-02399,AMBULANCE,nhamcs_immedr_3,NHAMCS,225.67,,nhamcs_seed_00
29.898,false,0035,2019-09508,WALKIN,nhamcs_immedr_3,NHAMCS,274.04,,nhamcs_seed_00
41.847,false,0050,2016-08855,WALKIN,nhamcs_immedr_3,NHAMCS,249.49,,nhamcs_seed_00
56.355,true,0107,2018-11502,UNKNOWN,nhamcs_immedr_2,NHAMCS,190.99,,nhamcs_seed_00
78.553,true,0134,2017-04488,AMBULANCE,nhamcs_immedr_2,NHAMCS,128.40,,nhamcs_seed_00
86.888,false,0144,2018-15488,WALKIN,nhamcs_immedr_4,NHAMCS,132.97,,nhamcs_seed_00
86.926,false,0144,2016-08778,WALKIN,nhamcs_immedr_3,NHAMCS,192.04,,nhamcs_seed_00
106.546,false,0207,2019-15287,AMBULANCE,nhamcs_immedr_3,NHAMCS,225.17,,nhamcs_seed_00
112.423,false,0214,2017-13742,UNKNOWN,nhamcs_immedr_3,NHAMCS,150.38,,nhamcs_seed_00
118.972,false,0222,2018-14855,WALKIN,nhamcs_immedr_4,NHAMCS,238.93,,nhamcs_seed_00
128.408,false,0234,2019-08910,WALKIN,nhamcs_immedr_4,NHAMCS,258.37,,nhamcs_seed_00
133.924,false,0240,2019-15898,WALKIN,nhamcs_immedr_5,NHAMCS,294.75,,nhamcs_seed_00
144.501,false,0253,2019-07910,AMBULANCE,nhamcs_immedr_3,NHAMCS,213.15,,nhamcs_seed_00
146.280,false,0255,2016-02447,WALKIN,nhamcs_immedr_3,NHAMCS,159.44,,nhamcs_seed_00
156.229,false,0307,2018-09106,WALKIN,nhamcs_immedr_3,NHAMCS,210.07,,nhamcs_seed_00
158.162,false,0309,2017-14095,AMBULANCE,nhamcs_immedr_4,NHAMCS,233.91,,nhamcs_seed_00
165.050,false,0318,2016-04067,AMBULANCE,nhamcs_immedr_3,NHAMCS,177.68,,nhamcs_seed_00
174.560,false,0329,2018-05987,WALKIN,nhamcs_immedr_4,NHAMCS,284.62,,nhamcs_seed_00
174.979,false,0329,2019-05200,WALKIN,nhamcs_immedr_4,NHAMCS,182.59,,nhamcs_seed_00
175.534,true,0330,2019-08985,WALKIN,nhamcs_immedr_2,NHAMCS,143.18,,nhamcs_seed_00
175.634,false,0330,2016-11345,WALKIN,nhamcs_immedr_4,NHAMCS,239.26,,nhamcs_seed_00
175.891,false,0331,2019-00351,AMBULANCE,nhamcs_immedr_3,NHAMCS,248.92,,nhamcs_seed_00
180.262,true,0336,2018-06552,WALKIN,nhamcs_immedr_2,NHAMCS,261.92,,nhamcs_seed_00
191.477,false,0349,2018-12314,WALKIN,nhamcs_immedr_4,NHAMCS,157.81,,nhamcs_seed_00
227.049,false,0432,2016-09060,WALKIN,nhamcs_immedr_3,NHAMCS,214.73,,nhamcs_seed_00
251.316,false,0501,2017-01760,WALKIN,nhamcs_immedr_3,NHAMCS,283.32,,nhamcs_seed_00
263.632,false,0516,2016-10827,WALKIN,nhamcs_immedr_4,NHAMCS,185.03,,nhamcs_seed_00
269.176,false,0523,2017-16605,WALKIN,nhamcs_immedr_4,NHAMCS,287.85,,nhamcs_seed_00
269.917,true,0523,2017-03842,WALKIN,nhamcs_immedr_2,NHAMCS,209.24,,nhamcs_seed_00
272.689,true,0527,2018-11253,WALKIN,nhamcs_immedr_1,NHAMCS,291.33,,nhamcs_seed_00
277.223,true,0532,2017-14576,WALKIN,nhamcs_immedr_2,NHAMCS,164.74,,nhamcs_seed_00
288.417,true,0546,2017-09800,AMBULANCE,nhamcs_immedr_2,NHAMCS,246.85,,nhamcs_seed_00
291.721,false,0550,2016-16652,WALKIN,nhamcs_immedr_5,NHAMCS,127.34,,nhamcs_seed_00
299.478,true,0559,2016-04832,AMBULANCE,nhamcs_immedr_1,NHAMCS,234.10,,nhamcs_seed_00
301.707,false,0602,2019-08634,WALKIN,nhamcs_immedr_4,NHAMCS,297.15,,nhamcs_seed_00
324.146,false,0628,2019-07962,WALKIN,nhamcs_immedr_3,NHAMCS,289.20,,nhamcs_seed_00
331.469,true,0637,2018-01347,AMBULANCE,nhamcs_immedr_2,NHAMCS,210.23,,nhamcs_seed_00
335.797,false,0642,2018-15746,WALKIN,nhamcs_immedr_4,NHAMCS,156.86,,nhamcs_seed_00
347.403,true,0656,2016-18340,AMBULANCE,nhamcs_immedr_2,NHAMCS,126.30,,nhamcs_seed_00
354.521,false,0705,2019-13552,UNKNOWN,nhamcs_immedr_3,NHAMCS,215.51,,nhamcs_seed_00
358.603,false,0710,2019-08592,WALKIN,nhamcs_immedr_4,NHAMCS,161.05,,nhamcs_seed_00
362.301,false,0714,2019-15265,WALKIN,nhamcs_immedr_3,NHAMCS,132.31,,nhamcs_seed_00
374.084,false,0728,2018-17911,WALKIN,nhamcs_immedr_4,NHAMCS,128.92,,nhamcs_seed_00
376.497,true,0731,2018-05266,WALKIN,nhamcs_immedr_2,NHAMCS,268.15,,nhamcs_seed_00
383.609,true,0740,2017-00729,WALKIN,nhamcs_immedr_2,NHAMCS,163.15,,nhamcs_seed_00
384.715,false,0741,2017-12066,WALKIN,nhamcs_immedr_3,NHAMCS,187.57,,nhamcs_seed_00
393.983,false,0752,2019-01656,WALKIN,nhamcs_immedr_4,NHAMCS,178.46,,nhamcs_seed_00
398.167,true,0757,2018-06361,WALKIN,nhamcs_immedr_2,NHAMCS,232.53,,nhamcs_seed_00
400.488,false,0800,2018-13378,WALKIN,nhamcs_immedr_4,NHAMCS,183.64,,nhamcs_seed_00
401.639,true,0801,2017-11876,WALKIN,nhamcs_immedr_1,NHAMCS,287.48,,nhamcs_seed_00
416.141,false,0819,2016-01031,UNKNOWN,nhamcs_immedr_3,NHAMCS,235.32,,nhamcs_seed_00
443.820,false,0852,2017-16708,AMBULANCE,nhamcs_immedr_3,NHAMCS,252.08,,nhamcs_seed_00
459.338,false,0911,2016-16098,WALKIN,nhamcs_immedr_4,NHAMCS,249.86,,nhamcs_seed_00
461.675,true,0914,2016-04413,AMBULANCE,nhamcs_immedr_2,NHAMCS,265.35,,nhamcs_seed_00
465.633,false,0918,2019-16351,WALKIN,nhamcs_immedr_4,NHAMCS,264.17,,nhamcs_seed_00
475.380,false,0930,2019-03300,WALKIN,nhamcs_immedr_3,NHAMCS,267.47,,nhamcs_seed_00
476.886,true,0932,2018-16048,WALKIN,nhamcs_immedr_2,NHAMCS,166.36,,nhamcs_seed_00
482.485,false,0938,2016-06141,WALKIN,nhamcs_immedr_4,NHAMCS,235.66,,nhamcs_seed_00
486.147,false,0943,2018-16852,WALKIN,nhamcs_immedr_4,NHAMCS,221.29,,nhamcs_seed_00
490.934,false,0949,2018-19794,WALKIN,nhamcs_immedr_3,NHAMCS,221.28,,nhamcs_seed_00
491.851,false,0950,2019-16331,WALKIN,nhamcs_immedr_3,NHAMCS,133.83,,nhamcs_seed_00
494.606,false,0953,2018-11212,WALKIN,nhamcs_immedr_3,NHAMCS,153.83,,nhamcs_seed_00
495.186,false,0954,2018-12807,WALKIN,nhamcs_immedr_3,NHAMCS,207.24,,nhamcs_seed_00
497.389,false,0956,2016-14177,AMBULANCE,nhamcs_immedr_3,NHAMCS,235.60,,nhamcs_seed_00
498.365,false,0958,2017-00098,WALKIN,nhamcs_immedr_4,NHAMCS,265.86,,nhamcs_seed_00
501.524,false,1001,2017-09307,WALKIN,nhamcs_immedr_4,NHAMCS,257.33,,nhamcs_seed_00
504.410,false,1005,2017-15854,WALKIN,nhamcs_immedr_4,NHAMCS,295.86,,nhamcs_seed_00
507.778,true,1009,2016-14944,AMBULANCE,nhamcs_immedr_2,NHAMCS,258.90,,nhamcs_seed_00
511.458,false,1013,2017-06753,WALKIN,nhamcs_immedr_4,NHAMCS,276.85,,nhamcs_seed_00
511.484,false,1013,2016-16856,WALKIN,nhamcs_immedr_3,NHAMCS,161.90,,nhamcs_seed_00
511.527,false,1013,2018-00636,WALKIN,nhamcs_immedr_3,NHAMCS,183.32,,nhamcs_seed_00
522.460,false,1026,2018-11360,WALKIN,nhamcs_immedr_3,NHAMCS,287.70,,nhamcs_seed_00
529.832,false,1035,2019-08783,WALKIN,nhamcs_immedr_4,NHAMCS,260.18,,nhamcs_seed_00
536.184,false,1043,2017-02213,WALKIN,nhamcs_immedr_3,NHAMCS,238.50,,nhamcs_seed_00
536.284,true,1043,2017-10433,WALKIN,nhamcs_immedr_2,NHAMCS,149.28,,nhamcs_seed_00
549.386,false,1059,2016-10222,WALKIN,nhamcs_immedr_4,NHAMCS,181.58,,nhamcs_seed_00
549.660,false,1059,2016-00303,WALKIN,nhamcs_immedr_4,NHAMCS,275.04,,nhamcs_seed_00
551.245,false,1101,2017-09823,AMBULANCE,nhamcs_immedr_4,NHAMCS,179.44,,nhamcs_seed_00
552.397,false,1102,2019-00478,WALKIN,nhamcs_immedr_4,NHAMCS,170.36,,nhamcs_seed_00
552.480,false,1102,2018-10544,WALKIN,nhamcs_immedr_3,NHAMCS,188.88,,nhamcs_seed_00
554.044,false,1104,2018-01966,UNKNOWN,nhamcs_immedr_3,NHAMCS,161.32,,nhamcs_seed_00
554.426,false,1105,2019-13167,AMBULANCE,nhamcs_immedr_3,NHAMCS,154.20,,nhamcs_seed_00
555.112,false,1106,2019-16765,WALKIN,nhamcs_immedr_3,NHAMCS,249.09,,nhamcs_seed_00
559.814,true,1111,2019-13250,WALKIN,nhamcs_immedr_2,NHAMCS,163.83,,nhamcs_seed_00
561.628,false,1113,2016-12613,WALKIN,nhamcs_immedr_3,NHAMCS,194.84,,nhamcs_seed_00
561.956,false,1114,2016-02649,WALKIN,nhamcs_immedr_5,NHAMCS,148.21,,nhamcs_seed_00
563.173,false,1115,2019-17937,AMBULANCE,nhamcs_immedr_3,NHAMCS,198.36,,nhamcs_seed_00
564.926,false,1117,2017-03728,WALKIN,nhamcs_immedr_4,NHAMCS,143.91,,nhamcs_seed_00
568.784,false,1122,2019-07048,WALKIN,nhamcs_immedr_5,NHAMCS,198.03,,nhamcs_seed_00
569.426,false,1123,2019-13035,WALKIN,nhamcs_immedr_4,NHAMCS,135.54,,nhamcs_seed_00
569.481,false,1123,2017-09949,WALKIN,nhamcs_immedr_3,NHAMCS,186.42,,nhamcs_seed_00
570.161,false,1124,2018-15750,WALKIN,nhamcs_immedr_4,NHAMCS,260.57,,nhamcs_seed_00
570.538,false,1124,2017-08230,WALKIN,nhamcs_immedr_4,NHAMCS,216.95,,nhamcs_seed_00
570.912,false,1125,2019-17806,AMBULANCE,nhamcs_immedr_3,NHAMCS,126.00,,nhamcs_seed_00
571.010,false,1125,2018-15752,WALKIN,nhamcs_immedr_3,NHAMCS,152.31,,nhamcs_seed_00
572.150,false,1126,2018-16549,AMBULANCE,nhamcs_immedr_3,NHAMCS,134.91,,nhamcs_seed_00
581.053,true,1137,2016-15383,WALKIN,nhamcs_immedr_2,NHAMCS,260.91,,nhamcs_seed_00
583.327,false,1139,2019-02501,WALKIN,nhamcs_immedr_5,NHAMCS,288.38,,nhamcs_seed_00
583.563,false,1140,2017-05570,AMBULANCE,nhamcs_immedr_3,NHAMCS,257.14,,nhamcs_seed_00
584.702,false,1141,2019-01751,WALKIN,nhamcs_immedr_5,NHAMCS,232.29,,nhamcs_seed_00
586.332,false,1143,2016-02202,WALKIN,nhamcs_immedr_4,NHAMCS,289.47,,nhamcs_seed_00
589.307,false,1147,2017-13729,WALKIN,nhamcs_immedr_3,NHAMCS,136.72,,nhamcs_seed_00
589.835,false,1147,2017-06861,WALKIN,nhamcs_immedr_3,NHAMCS,159.03,,nhamcs_seed_00
591.088,false,1149,2018-08557,WALKIN,nhamcs_immedr_4,NHAMCS,171.09,,nhamcs_seed_00
591.147,false,1149,2018-08557,WALKIN,nhamcs_immedr_4,NHAMCS,190.99,,nhamcs_seed_00
597.751,false,1157,2018-16804,WALKIN,nhamcs_immedr_3,NHAMCS,178.70,,nhamcs_seed_00
599.006,true,1158,2019-06259,AMBULANCE,nhamcs_immedr_2,NHAMCS,158.86,,nhamcs_seed_00
604.172,false,1205,2019-07964,WALKIN,nhamcs_immedr_3,NHAMCS,124.08,,nhamcs_seed_00
615.502,false,1218,2018-06504,WALKIN,nhamcs_immedr_3,NHAMCS,222.75,,nhamcs_seed_00
618.884,false,1222,2019-15479,WALKIN,nhamcs_immedr_4,NHAMCS,292.58,,nhamcs_seed_00
618.922,false,1222,2019-19008,WALKIN,nhamcs_immedr_3,NHAMCS,256.74,,nhamcs_seed_00
622.650,false,1227,2016-06380,WALKIN,nhamcs_immedr_3,NHAMCS,213.46,,nhamcs_seed_00
623.348,false,1228,2018-14722,UNKNOWN,nhamcs_immedr_3,NHAMCS,259.79,,nhamcs_seed_00
632.839,false,1239,2019-02235,WALKIN,nhamcs_immedr_3,NHAMCS,273.68,,nhamcs_seed_00
636.956,false,1244,2018-14402,WALKIN,nhamcs_immedr_3,NHAMCS,288.69,,nhamcs_seed_00
638.977,false,1246,2019-07514,WALKIN,nhamcs_immedr_3,NHAMCS,211.54,,nhamcs_seed_00
642.583,false,1251,2019-16694,WALKIN,nhamcs_immedr_3,NHAMCS,136.32,,nhamcs_seed_00
644.561,false,1253,2016-00715,AMBULANCE,nhamcs_immedr_4,NHAMCS,182.60,,nhamcs_seed_00
644.898,false,1253,2016-13104,WALKIN,nhamcs_immedr_4,NHAMCS,146.91,,nhamcs_seed_00
645.107,false,1254,2019-15179,WALKIN,nhamcs_immedr_4,NHAMCS,243.10,,nhamcs_seed_00
646.905,true,1256,2017-13875,AMBULANCE,nhamcs_immedr_2,NHAMCS,186.83,,nhamcs_seed_00
648.266,false,1257,2019-08406,WALKIN,nhamcs_immedr_4,NHAMCS,193.70,,nhamcs_seed_00
649.656,false,1259,2016-04141,AMBULANCE,nhamcs_immedr_3,NHAMCS,275.73,,nhamcs_seed_00
652.482,false,1302,2016-17623,WALKIN,nhamcs_immedr_4,NHAMCS,144.01,,nhamcs_seed_00
656.516,true,1307,2016-08020,WALKIN,nhamcs_immedr_2,NHAMCS,122.63,,nhamcs_seed_00
656.748,false,1308,2019-17556,WALKIN,nhamcs_immedr_3,NHAMCS,283.24,,nhamcs_seed_00
657.678,false,1309,2017-10659,WALKIN,nhamcs_immedr_4,NHAMCS,184.17,,nhamcs_seed_00
660.667,false,1312,2017-09326,AMBULANCE,nhamcs_immedr_3,NHAMCS,259.35,,nhamcs_seed_00
663.713,false,1316,2017-06407,WALKIN,nhamcs_immedr_4,NHAMCS,284.33,,nhamcs_seed_00
666.791,false,1320,2019-16380,WALKIN,nhamcs_immedr_4,NHAMCS,189.93,,nhamcs_seed_00
666.801,false,1320,2016-01941,WALKIN,nhamcs_immedr_3,NHAMCS,170.40,,nhamcs_seed_00
667.682,false,1321,2017-08498,AMBULANCE,nhamcs_immedr_3,NHAMCS,189.60,,nhamcs_seed_00
669.006,false,1322,2019-15192,WALKIN,nhamcs_immedr_3,NHAMCS,141.11,,nhamcs_seed_00
673.985,false,1328,2018-18622,WALKIN,nhamcs_immedr_3,NHAMCS,272.93,,nhamcs_seed_00
674.839,false,1329,2016-10707,WALKIN,nhamcs_immedr_4,NHAMCS,286.15,,nhamcs_seed_00
676.573,false,1331,2018-14169,WALKIN,nhamcs_immedr_4,NHAMCS,272.36,,nhamcs_seed_00
683.602,false,1340,2018-04724,WALKIN,nhamcs_immedr_3,NHAMCS,182.49,,nhamcs_seed_00
684.081,false,1340,2019-13398,WALKIN,nhamcs_immedr_3,NHAMCS,235.84,,nhamcs_seed_00
685.829,false,1342,2019-19285,WALKIN,nhamcs_immedr_3,NHAMCS,212.35,,nhamcs_seed_00
689.447,true,1347,2018-20254,WALKIN,nhamcs_immedr_2,NHAMCS,122.10,,nhamcs_seed_00
690.018,true,1348,2018-13577,WALKIN,nhamcs_immedr_2,NHAMCS,187.86,,nhamcs_seed_00
694.544,true,1353,2016-15422,WALKIN,nhamcs_immedr_1,NHAMCS,253.71,,nhamcs_seed_00
698.419,false,1358,2019-08873,WALKIN,nhamcs_immedr_3,NHAMCS,126.70,,nhamcs_seed_00
703.432,false,1404,2017-16334,WALKIN,nhamcs_immedr_3,NHAMCS,126.15,,nhamcs_seed_00
708.006,false,1409,2016-01623,WALKIN,nhamcs_immedr_3,NHAMCS,135.36,,nhamcs_seed_00
713.095,false,1415,2016-07235,AMBULANCE,nhamcs_immedr_3,NHAMCS,173.26,,nhamcs_seed_00
717.099,false,1420,2016-02132,WALKIN,nhamcs_immedr_3,NHAMCS,146.94,,nhamcs_seed_00
717.293,false,1420,2016-10183,WALKIN,nhamcs_immedr_3,NHAMCS,178.09,,nhamcs_seed_00
717.521,true,1421,2018-01808,AMBULANCE,nhamcs_immedr_1,NHAMCS,144.61,,nhamcs_seed_00
718.778,false,1422,2019-13575,AMBULANCE,nhamcs_immedr_3,NHAMCS,158.61,,nhamcs_seed_00
722.671,false,1427,2019-04664,WALKIN,nhamcs_immedr_3,NHAMCS,289.38,,nhamcs_seed_00
733.294,false,1439,2016-00381,AMBULANCE,nhamcs_immedr_3,NHAMCS,265.21,,nhamcs_seed_00
735.902,false,1443,2018-06918,WALKIN,nhamcs_immedr_4,NHAMCS,220.04,,nhamcs_seed_00
738.309,false,1445,2017-05093,WALKIN,nhamcs_immedr_5,NHAMCS,178.78,,nhamcs_seed_00
745.209,false,1454,2018-09282,WALKIN,nhamcs_immedr_3,NHAMCS,276.96,,nhamcs_seed_00
747.046,false,1456,2016-10378,WALKIN,nhamcs_immedr_4,NHAMCS,222.77,,nhamcs_seed_00
749.774,false,1459,2019-18370,WALKIN,nhamcs_immedr_3,NHAMCS,205.01,,nhamcs_seed_00
751.791,false,1502,2019-09031,AMBULANCE,nhamcs_immedr_3,NHAMCS,295.95,,nhamcs_seed_00
752.262,true,1502,2018-18831,WALKIN,nhamcs_immedr_2,NHAMCS,298.27,,nhamcs_seed_00
754.089,true,1504,2018-01370,WALKIN,nhamcs_immedr_2,NHAMCS,205.01,,nhamcs_seed_00
774.990,false,1529,2019-12663,WALKIN,nhamcs_immedr_4,NHAMCS,257.50,,nhamcs_seed_00
775.625,false,1530,2018-19283,WALKIN,nhamcs_immedr_4,NHAMCS,238.62,,nhamcs_seed_00
778.444,true,1534,2016-08036,WALKIN,nhamcs_immedr_2,NHAMCS,259.78,,nhamcs_seed_00
778.533,false,1534,2016-09962,WALKIN,nhamcs_immedr_3,NHAMCS,161.41,,nhamcs_seed_00
781.450,true,1537,2017-06336,AMBULANCE,nhamcs_immedr_2,NHAMCS,254.33,,nhamcs_seed_00
781.701,false,1538,2016-01857,WALKIN,nhamcs_immedr_5,NHAMCS,130.14,,nhamcs_seed_00
801.046,true,1601,2017-15241,WALKIN,nhamcs_immedr_2,NHAMCS,250.37,,nhamcs_seed_00
803.334,false,1604,2017-02933,WALKIN,nhamcs_immedr_3,NHAMCS,240.03,,nhamcs_seed_00
805.540,false,1606,2019-08615,WALKIN,nhamcs_immedr_3,NHAMCS,195.52,,nhamcs_seed_00
805.642,false,1606,2019-15913,WALKIN,nhamcs_immedr_5,NHAMCS,187.22,,nhamcs_seed_00
807.186,false,1608,2016-10588,WALKIN,nhamcs_immedr_4,NHAMCS,277.47,,nhamcs_seed_00
817.111,false,1620,2017-15948,WALKIN,nhamcs_immedr_4,NHAMCS,281.90,,nhamcs_seed_00
819.361,true,1623,2017-13933,AMBULANCE,nhamcs_immedr_2,NHAMCS,150.93,,nhamcs_seed_00
823.313,false,1627,2016-08710,WALKIN,nhamcs_immedr_3,NHAMCS,211.94,,nhamcs_seed_00
825.851,false,1631,2019-05464,WALKIN,nhamcs_immedr_4,NHAMCS,223.66,,nhamcs_seed_00
826.222,false,1631,2017-06677,WALKIN,nhamcs_immedr_3,NHAMCS,148.63,,nhamcs_seed_00
832.026,false,1638,2017-11715,WALKIN,nhamcs_immedr_4,NHAMCS,195.65,,nhamcs_seed_00
832.615,false,1639,2018-11178,WALKIN,nhamcs_immedr_4,NHAMCS,177.61,,nhamcs_seed_00
832.629,true,1639,2016-04812,WALKIN,nhamcs_immedr_2,NHAMCS,128.45,,nhamcs_seed_00
833.674,false,1640,2016-10582,WALKIN,nhamcs_immedr_3,NHAMCS,291.62,,nhamcs_seed_00
839.279,false,1647,2018-12197,WALKIN,nhamcs_immedr_3,NHAMCS,169.86,,nhamcs_seed_00
846.524,false,1655,2017-11657,WALKIN,nhamcs_immedr_4,NHAMCS,170.09,,nhamcs_seed_00
851.028,true,1701,2018-16926,WALKIN,nhamcs_immedr_2,NHAMCS,129.96,,nhamcs_seed_00
851.311,true,1701,2018-16926,WALKIN,nhamcs_immedr_2,NHAMCS,166.16,,nhamcs_seed_00
851.932,false,1702,2017-13501,WALKIN,nhamcs_immedr_4,NHAMCS,193.46,,nhamcs_seed_00
853.563,false,1704,2019-01693,WALKIN,nhamcs_immedr_3,NHAMCS,179.17,,nhamcs_seed_00
857.824,false,1709,2016-14173,WALKIN,nhamcs_immedr_3,NHAMCS,125.14,,nhamcs_seed_00
861.642,false,1713,2016-07623,WALKIN,nhamcs_immedr_3,NHAMCS,242.97,,nhamcs_seed_00
863.814,false,1716,2019-01017,WALKIN,nhamcs_immedr_3,NHAMCS,147.80,,nhamcs_seed_00
865.835,false,1719,2016-09128,WALKIN,nhamcs_immedr_5,NHAMCS,190.04,,nhamcs_seed_00
869.335,false,1723,2018-17485,WALKIN,nhamcs_immedr_3,NHAMCS,139.72,,nhamcs_seed_00
876.535,true,1731,2017-12003,WALKIN,nhamcs_immedr_2,NHAMCS,139.92,,nhamcs_seed_00
879.552,false,1735,2018-01348,WALKIN,nhamcs_immedr_4,NHAMCS,290.39,,nhamcs_seed_00
883.802,false,1740,2019-02095,WALKIN,nhamcs_immedr_3,NHAMCS,197.93,,nhamcs_seed_00
884.713,false,1741,2017-12036,WALKIN,nhamcs_immedr_4,NHAMCS,154.06,,nhamcs_seed_00
886.484,false,1743,2018-08506,WALKIN,nhamcs_immedr_3,NHAMCS,224.35,,nhamcs_seed_00
890.799,false,1748,2019-02460,WALKIN,nhamcs_immedr_3,NHAMCS,220.80,,nhamcs_seed_00
892.420,false,1750,2017-09685,WALKIN,nhamcs_immedr_4,NHAMCS,164.85,,nhamcs_seed_00
895.207,true,1754,2019-07294,WALKIN,nhamcs_immedr_1,NHAMCS,192.44,,nhamcs_seed_00
895.519,false,1754,2019-10852,WALKIN,nhamcs_immedr_3,NHAMCS,289.86,,nhamcs_seed_00
903.424,false,1804,2017-06543,AMBULANCE,nhamcs_immedr_4,NHAMCS,229.78,,nhamcs_seed_00
907.436,false,1808,2019-04744,WALKIN,nhamcs_immedr_4,NHAMCS,293.03,,nhamcs_seed_00
913.721,false,1816,2017-02411,WALKIN,nhamcs_immedr_3,NHAMCS,256.43,,nhamcs_seed_00
919.486,false,1823,2017-12522,WALKIN,nhamcs_immedr_3,NHAMCS,234.93,,nhamcs_seed_00
921.621,false,1825,2018-01624,WALKIN,nhamcs_immedr_4,NHAMCS,167.90,,nhamcs_seed_00
924.486,false,1829,2017-00163,WALKIN,nhamcs_immedr_4,NHAMCS,136.57,,nhamcs_seed_00
927.535,true,1833,2019-15708,WALKIN,nhamcs_immedr_2,NHAMCS,262.01,,nhamcs_seed_00
928.605,false,1834,2019-10768,AMBULANCE,nhamcs_immedr_3,NHAMCS,286.55,,nhamcs_seed_00
929.779,false,1835,2017-12831,UNKNOWN,nhamcs_immedr_4,NHAMCS,148.98,,nhamcs_seed_00
936.096,false,1843,2016-00735,WALKIN,nhamcs_immedr_4,NHAMCS,169.41,,nhamcs_seed_00
939.678,false,1847,2019-09447,AMBULANCE,nhamcs_immedr_3,NHAMCS,147.68,,nhamcs_seed_00
940.154,true,1848,2017-01391,AMBULANCE,nhamcs_immedr_2,NHAMCS,229.98,,nhamcs_seed_00
944.784,true,1853,2018-08434,AMBULANCE,nhamcs_immedr_2,NHAMCS,129.68,,nhamcs_seed_00
946.240,true,1855,2017-07021,WALKIN,nhamcs_immedr_2,NHAMCS,274.09,,nhamcs_seed_00
952.450,false,1902,2018-01035,WALKIN,nhamcs_immedr_3,NHAMCS,158.63,,nhamcs_seed_00
956.784,false,1908,2017-05979,WALKIN,nhamcs_immedr_4,NHAMCS,193.60,,nhamcs_seed_00
957.594,false,1909,2018-18863,AMBULANCE,nhamcs_immedr_4,NHAMCS,266.68,,nhamcs_seed_00
963.231,false,1915,2019-07600,WALKIN,nhamcs_immedr_3,NHAMCS,182.26,,nhamcs_seed_00
965.690,true,1918,2017-15595,WALKIN,nhamcs_immedr_2,NHAMCS,176.91,,nhamcs_seed_00
966.144,false,1919,2016-17635,WALKIN,nhamcs_immedr_3,NHAMCS,267.46,,nhamcs_seed_00
966.627,false,1919,2016-17635,WALKIN,nhamcs_immedr_3,NHAMCS,283.97,,nhamcs_seed_00
968.945,false,1922,2018-14246,WALKIN,nhamcs_immedr_3,NHAMCS,203.87,,nhamcs_seed_00
969.040,true,1922,2019-08106,WALKIN,nhamcs_immedr_2,NHAMCS,155.98,,nhamcs_seed_00
975.050,false,1930,2016-16581,WALKIN,nhamcs_immedr_3,NHAMCS,242.05,,nhamcs_seed_00
976.490,true,1931,2017-13627,AMBULANCE,nhamcs_immedr_2,NHAMCS,141.59,,nhamcs_seed_00
976.814,true,1932,2019-13261,WALKIN,nhamcs_immedr_2,NHAMCS,298.46,,nhamcs_seed_00
978.136,false,1933,2017-13746,WALKIN,nhamcs_immedr_3,NHAMCS,276.45,,nhamcs_seed_00
980.911,false,1937,2017-10195,WALKIN,nhamcs_immedr_3,NHAMCS,139.53,,nhamcs_seed_00
980.949,true,1937,2018-02480,WALKIN,nhamcs_immedr_2,NHAMCS,265.34,,nhamcs_seed_00
981.036,false,1937,2017-04441,AMBULANCE,nhamcs_immedr_4,NHAMCS,272.28,,nhamcs_seed_00
982.518,false,1939,2016-05419,WALKIN,nhamcs_immedr_3,NHAMCS,281.53,,nhamcs_seed_00
987.282,false,1944,2016-15362,WALKIN,nhamcs_immedr_3,NHAMCS,267.97,,nhamcs_seed_00
988.275,false,1945,2017-01604,WALKIN,nhamcs_immedr_3,NHAMCS,207.24,,nhamcs_seed_00
988.781,false,1946,2018-16691,WALKIN,nhamcs_immedr_4,NHAMCS,220.58,,nhamcs_seed_00
994.363,false,1953,2018-08363,WALKIN,nhamcs_immedr_4,NHAMCS,239.60,,nhamcs_seed_00
998.742,false,1958,2018-17880,WALKIN,nhamcs_immedr_3,NHAMCS,121.75,,nhamcs_seed_00
1001.916,false,2002,2018-11374,WALKIN,nhamcs_immedr_3,NHAMCS,179.83,,nhamcs_seed_00
1008.991,false,2010,2016-00100,WALKIN,nhamcs_immedr_4,NHAMCS,155.62,,nhamcs_seed_00
1009.029,true,2010,2016-12644,WALKIN,nhamcs_immedr_2,NHAMCS,265.56,,nhamcs_seed_00
1009.300,false,2011,2017-12089,WALKIN,nhamcs_immedr_4,NHAMCS,238.43,,nhamcs_seed_00
1010.249,false,2012,2016-06062,WALKIN,nhamcs_immedr_3,NHAMCS,239.94,,nhamcs_seed_00
1011.478,true,2013,2017-00320,AMBULANCE,nhamcs_immedr_2,NHAMCS,256.50,,nhamcs_seed_00
1014.663,false,2017,2019-14929,WALKIN,nhamcs_immedr_3,NHAMCS,269.22,,nhamcs_seed_00
1017.425,false,2020,2017-15529,WALKIN,nhamcs_immedr_4,NHAMCS,253.51,,nhamcs_seed_00
1019.150,false,2022,2017-00132,WALKIN,nhamcs_immedr_4,NHAMCS,222.13,,nhamcs_seed_00
1026.249,false,2031,2017-16687,WALKIN,nhamcs_immedr_4,NHAMCS,170.00,,nhamcs_seed_00
1028.052,false,2033,2018-08445,WALKIN,nhamcs_immedr_4,NHAMCS,205.10,,nhamcs_seed_00
1028.875,false,2034,2018-08796,WALKIN,nhamcs_immedr_3,NHAMCS,295.57,,nhamcs_seed_00
1033.690,false,2040,2017-12190,WALKIN,nhamcs_immedr_4,NHAMCS,204.35,,nhamcs_seed_00
1037.129,true,2044,2018-08829,WALKIN,nhamcs_immedr_2,NHAMCS,293.57,,nhamcs_seed_00
1037.518,false,2045,2016-10663,WALKIN,nhamcs_immedr_3,NHAMCS,120.05,,nhamcs_seed_00
1042.027,false,2050,2016-15544,WALKIN,nhamcs_immedr_3,NHAMCS,176.51,,nhamcs_seed_00
1046.020,false,2055,2019-02093,WALKIN,nhamcs_immedr_5,NHAMCS,202.58,,nhamcs_seed_00
1047.677,false,2057,2019-08933,WALKIN,nhamcs_immedr_3,NHAMCS,282.40,,nhamcs_seed_00
1048.699,false,2058,2016-01995,WALKIN,nhamcs_immedr_4,NHAMCS,239.30,,nhamcs_seed_00
1051.448,false,2101,2017-02219,WALKIN,nhamcs_immedr_4,NHAMCS,251.20,,nhamcs_seed_00
1061.303,false,2113,2019-18817,WALKIN,nhamcs_immedr_4,NHAMCS,285.43,,nhamcs_seed_00
1067.727,false,2121,2017-14106,WALKIN,nhamcs_immedr_4,NHAMCS,144.75,,nhamcs_seed_00
1067.819,false,2121,2016-05124,WALKIN,nhamcs_immedr_4,NHAMCS,281.43,,nhamcs_seed_00
1071.439,false,2125,2019-13631,WALKIN,nhamcs_immedr_4,NHAMCS,270.72,,nhamcs_seed_00
1080.376,false,2136,2017-02340,UNKNOWN,nhamcs_immedr_3,NHAMCS,257.60,,nhamcs_seed_00
1082.503,false,2139,2017-06710,WALKIN,nhamcs_immedr_4,NHAMCS,126.42,,nhamcs_seed_00
1085.642,false,2142,2016-17680,WALKIN,nhamcs_immedr_3,NHAMCS,225.01,,nhamcs_seed_00
1089.948,false,2147,2017-14391,WALKIN,nhamcs_immedr_4,NHAMCS,166.27,,nhamcs_seed_00
1090.345,false,2148,2016-16550,WALKIN,nhamcs_immedr_3,NHAMCS,173.02,,nhamcs_seed_00
1090.592,false,2148,2016-13836,WALKIN,nhamcs_immedr_4,NHAMCS,248.28,,nhamcs_seed_00
1091.283,false,2149,2018-08682,WALKIN,nhamcs_immedr_4,NHAMCS,282.36,,nhamcs_seed_00
1095.338,false,2154,2016-04938,WALKIN,nhamcs_immedr_3,NHAMCS,156.26,,nhamcs_seed_00
1096.144,false,2155,2017-04445,WALKIN,nhamcs_immedr_4,NHAMCS,143.20,,nhamcs_seed_00
1100.315,false,2200,2019-19417,WALKIN,nhamcs_immedr_4,NHAMCS,185.22,,nhamcs_seed_00
1102.067,true,2202,2018-11863,AMBULANCE,nhamcs_immedr_1,NHAMCS,250.73,,nhamcs_seed_00
1103.282,false,2203,2018-18201,WALKIN,nhamcs_immedr_3,NHAMCS,155.94,,nhamcs_seed_00
1103.805,true,2204,2017-11915,WALKIN,nhamcs_immedr_1,NHAMCS,230.08,,nhamcs_seed_00
1105.814,false,2206,2016-06671,WALKIN,nhamcs_immedr_4,NHAMCS,149.99,,nhamcs_seed_00
1108.212,false,2209,2018-02949,WALKIN,nhamcs_immedr_3,NHAMCS,158.00,,nhamcs_seed_00
1110.338,false,2212,2019-15201,WALKIN,nhamcs_immedr_4,NHAMCS,202.62,,nhamcs_seed_00
1121.447,false,2225,2017-13736,WALKIN,nhamcs_immedr_3,NHAMCS,252.85,,nhamcs_seed_00
1121.826,true,2226,2017-06977,WALKIN,nhamcs_immedr_2,NHAMCS,273.28,,nhamcs_seed_00
1123.632,false,2228,2018-00988,WALKIN,nhamcs_immedr_3,NHAMCS,265.60,,nhamcs_seed_00
1125.130,true,2230,2017-12313,AMBULANCE,nhamcs_immedr_2,NHAMCS,152.13,,nhamcs_seed_00
1128.686,false,2234,2019-14893,WALKIN,nhamcs_immedr_5,NHAMCS,186.22,,nhamcs_seed_00
1131.347,false,2237,2017-14108,WALKIN,nhamcs_immedr_5,NHAMCS,238.00,,nhamcs_seed_00
1136.934,false,2244,2017-00572,WALKIN,nhamcs_immedr_4,NHAMCS,130.36,,nhamcs_seed_00
1144.132,false,2252,2017-13459,WALKIN,nhamcs_immedr_3,NHAMCS,246.78,,nhamcs_seed_00
1144.553,false,2253,2016-13343,WALKIN,nhamcs_immedr_3,NHAMCS,242.88,,nhamcs_seed_00
1144.754,false,2253,2018-11320,WALKIN,nhamcs_immedr_3,NHAMCS,154.42,,nhamcs_seed_00
1145.937,false,2255,2018-16820,WALKIN,nhamcs_immedr_4,NHAMCS,292.34,,nhamcs_seed_00
1146.485,false,2255,2018-16056,WALKIN,nhamcs_immedr_3,NHAMCS,273.63,,nhamcs_seed_00
1151.638,false,2301,2016-02651,WALKIN,nhamcs_immedr_4,NHAMCS,206.83,,nhamcs_seed_00
1157.104,false,2308,2016-09670,WALKIN,nhamcs_immedr_3,NHAMCS,208.80,,nhamcs_seed_00
1170.194,false,2324,2017-03010,WALKIN,nhamcs_immedr_4,NHAMCS,193.31,,nhamcs_seed_00
1176.629,false,2331,2016-10816,WALKIN,nhamcs_immedr_4,NHAMCS,236.97,,nhamcs_seed_00
1180.697,false,2336,2016-16263,AMBULANCE,nhamcs_immedr_3,NHAMCS,257.78,,nhamcs_seed_00
1181.241,false,2337,2018-19300,AMBULANCE,nhamcs_immedr_3,NHAMCS,253.99,,nhamcs_seed_00
1182.098,false,2338,2017-14105,WALKIN,nhamcs_immedr_4,NHAMCS,254.35,,nhamcs_seed_00
1192.151,false,2350,2016-10195,WALKIN,nhamcs_immedr_3,NHAMCS,147.78,,nhamcs_seed_00
